date,open,high,low,close,vol
20180523,10.88,10.79,10.8,10.89,21194469
20180524,10.83,10.76,10.79,10.84,15229580
20180525,10.83,10.68,10.71,10.83,19016226
20180528,10.71,10.61,10.76,10.79,18370343
20180529,10.7,10.61,10.64,10.74,16933980
20180530,10.56,10.39,10.44,10.6,32230788
20180531,10.46,10.46,10.55,10.69,45532670
20180601,10.6,10.53,10.68,10.69,18365527
20180604,10.76,10.7,10.75,10.83,16180325
20180605,10.71,10.61,10.66,10.75,18692609
20180606,10.64,10.53,10.55,10.64,14983603
20180607,10.56,10.51,10.62,10.66,23355633
20180608,10.55,10.37,10.42,10.57,27181997
20180611,10.38,10.28,10.42,10.43,18004293
20180612,10.41,10.3,10.35,10.41,16085667
20180613,10.3,10.18,10.21,10.33,19961576
20180614,10.16,10.16,10.22,10.26,17557528
20180615,10.22,10.19,10.3,10.34,19914990
20180619,10.23,9.81,9.92,10.24,42988471
20180620,9.92,9.87,9.89,9.98,18915740
20180621,9.88,9.75,9.83,9.98,23636961
20180622,9.83,9.67,9.76,9.83,25040001
20180625,9.77,9.55,9.56,9.82,24244380
20180626,9.6,9.35,9.48,9.6,24424095
20180627,9.41,9.36,9.37,9.53,24913770
20180628,9.33,9.32,9.5,9.61,30741337
20180629,9.56,9.45,9.56,9.6,19493546
20180702,9.55,9.23,9.29,9.55,22669089
20180703,9.29,9.2,9.35,9.38,24123551
20180704,9.34,9.28,9.31,9.42,14464777
20180705,9.26,9.22,9.26,9.35,16495438
20180706,9.31,9.17,9.37,9.43,22594443
20180709,9.37,9.37,9.6,9.63,22172565
20180710,9.61,9.5,9.57,9.65,12402837
20180711,9.37,9.32,9.38,9.44,15203933
20180712,9.41,9.39,9.57,9.61,19704837
20180713,9.57,9.46,9.49,9.58,15026339
20180716,9.5,9.34,9.41,9.54,14414119
20180717,9.41,9.38,9.44,9.48,13713495
20180718,9.51,9.48,9.51,9.64,18922700
20180719,9.6,9.53,9.56,9.62,18360482
20180720,9.56,9.47,9.87,9.95,33275650
20180723,9.91,9.74,9.96,10.03,31484434
20180724,9.98,9.97,10.02,10.14,36424560
20180725,10.12,9.96,10.02,10.12,15889970
20180726,10.07,9.95,9.96,10.08,15206330
20180727,9.96,9.93,9.99,10.04,12120067
20180730,9.99,9.97,10.13,10.16,20096364
20180731,10.12,10.0,10.17,10.2,18203008
20180801,10.26,9.9,9.91,10.27,20741884
20180802,9.91,9.66,9.79,10.03,24483871
20180803,9.79,9.76,9.83,9.98,16997939
20180806,9.97,9.87,9.91,10.03,17444492
20180807,9.94,9.94,10.11,10.12,21784661
20180808,10.15,10.01,10.05,10.15,13461992
20180809,10.0,9.99,10.14,10.18,17689853
20180810,10.14,10.02,10.07,10.14,13172633
20180813,10.0,9.9,9.98,10.06,17927668
20180814,9.98,9.95,10.06,10.07,15868585
20180815,10.06,9.9,9.9,10.06,14787033
20180816,9.87,9.84,10.06,10.12,24323652
20180817,10.16,9.93,9.98,10.16,15090455
20180820,10.17,10.01,10.15,10.17,26975300
20180821,10.18,10.09,10.12,10.2,19786535
20180822,10.12,10.0,10.09,10.14,11993541
20180823,10.13,9.98,10.07,10.14,15537812
20180824,10.06,10.02,10.3,10.43,32268837
20180827,10.33,10.21,10.33,10.35,23266645
20180828,10.3,10.25,10.3,10.38,14609685
20180829,10.29,10.26,10.32,10.32,10362000
20180830,10.3,10.17,10.17,10.41,18621890
20180831,10.16,10.16,10.33,10.36,37311724
20180903,10.27,10.17,10.24,10.3,14309539
20180904,10.21,10.18,10.37,10.4,16353060
20180905,10.31,10.12,10.12,10.37,22729232
20180906,10.12,10.12,10.14,10.23,10546916
20180907,10.15,10.12,10.19,10.25,8995716
20180910,10.16,10.13,10.18,10.23,11822813
20180911,10.22,9.98,10.02,10.27,19689042
20180912,9.99,9.95,10.04,10.07,16506103
20180913,10.17,10.11,10.29,10.3,29417198
20180914,10.36,10.21,10.26,10.36,16450780
20180917,10.26,10.1,10.15,10.28,10535343
20180918,10.16,10.09,10.26,10.26,16684789
20180919,10.28,10.2,10.24,10.29,18550643
20180920,10.26,10.18,10.22,10.28,16307051
20180921,10.24,10.15,10.49,10.49,37571431
20180925,10.38,10.32,10.35,10.47,15879199
20180926,10.39,10.34,10.41,10.56,31175799
20180927,10.45,10.38,10.48,10.48,24182714
20180928,10.49,10.44,10.62,10.75,37430602
20181008,10.39,10.15,10.16,10.48,41957276
20181009,10.08,10.07,10.15,10.24,23159026
20181010,10.14,10.13,10.17,10.28,18124701
20181011,10.0,9.71,9.8,10.05,39056785
20181012,9.9,9.83,10.03,10.1,25145127
20181015,10.05,9.97,10.03,10.16,13957844
20181016,10.03,9.97,10.05,10.19,15308344
20181017,10.18,10.14,10.29,10.31,26520895
20181018,10.35,10.16,10.19,10.35,22403988
20181019,10.25,10.07,10.38,10.43,40331386
20181022,10.32,10.32,10.62,10.7,47003409
20181023,10.64,10.45,10.45,10.7,38089035
20181024,10.57,10.52,10.74,11.05,59165552
20181025,10.6,10.54,10.84,10.89,36866593
20181026,10.85,10.74,10.92,10.98,27519309
20181029,11.08,10.71,10.79,11.12,35265959
20181030,10.93,10.89,10.95,11.05,33086049
20181031,10.99,10.87,10.98,11.03,21737114
20181101,11.05,10.86,10.89,11.09,23505322
20181102,11.1,10.94,11.18,11.25,47788920
20181105,11.15,11.08,11.14,11.25,17012759
20181106,11.13,11.0,11.03,11.15,18422477
20181107,11.09,10.87,10.9,11.1,20843864
20181108,11.05,10.9,11.06,11.1,19991683
20181109,10.99,10.7,10.75,11.03,25570050
20181112,10.77,10.75,10.8,10.95,27015827
20181113,10.68,10.68,10.82,10.9,20708729
20181114,10.87,10.68,10.7,10.87,17998183
20181115,10.72,10.65,10.77,10.81,16580059
20181116,10.77,10.71,10.76,10.85,21394417
20181119,10.86,10.77,10.88,10.9,21384793
20181120,10.87,10.65,10.69,10.89,21883780
20181121,10.61,10.61,10.66,10.72,16027458
20181122,10.73,10.57,10.64,10.73,14008305
20181123,10.6,10.5,10.5,10.66,14715010
20181126,10.66,10.43,10.5,10.66,14377396
20181127,10.5,10.45,10.49,10.61,15084666
20181128,10.56,10.5,10.58,10.62,18339621
20181129,10.64,10.54,10.63,10.75,20685685
20181130,10.65,10.62,10.71,10.75,28572651
20181203,10.99,10.84,11.02,11.05,43049070
20181204,11.0,10.97,11.08,11.08,20811293
20181205,10.99,10.96,11.0,11.1,25491217
20181206,10.82,10.82,10.9,10.93,23597997
20181207,10.94,10.88,10.89,11.03,10580550
20181210,10.77,10.77,10.83,10.9,15927563
20181211,10.84,10.69,10.72,10.9,17234222
20181212,10.89,10.7,10.73,10.89,12448791
20181213,10.76,10.73,10.8,10.86,19792340
20181214,10.74,10.59,10.62,10.8,24163831
20181217,10.65,10.62,10.78,10.78,19746228
20181218,10.68,10.54,10.57,10.82,19451677
20181219,10.59,10.54,10.54,10.65,13603633
20181220,10.53,10.11,10.25,10.59,30069914
20181221,10.23,10.0,10.07,10.24,20885862
20181224,9.98,9.86,9.91,10.04,22779882
20181225,9.77,9.6,9.79,9.86,34810397
20181226,9.81,9.64,9.67,9.88,20569202
20181227,9.77,9.66,9.66,9.8,27347564
20181228,9.72,9.71,9.8,9.95,27404028
20190102,9.74,9.58,9.7,9.79,23762822
20190103,9.7,9.66,9.81,9.82,18654262
20190104,9.73,9.7,9.96,10.0,27172844
20190107,10.09,9.92,9.98,10.09,23597376
20190108,10.03,9.91,9.96,10.03,15104933
20190109,10.06,9.98,9.99,10.16,23163720
20190110,9.94,9.92,9.96,10.02,15923566
20190111,10.03,9.96,10.05,10.15,19069069
20190114,10.03,10.01,10.06,10.1,20352840
20190115,10.1,10.05,10.11,10.15,15632125
20190116,10.1,10.07,10.13,10.15,12988340
20190117,10.17,10.07,10.17,10.28,22766048
20190118,10.29,10.22,10.43,10.44,29087141
20190121,10.36,10.3,10.35,10.46,18947789
20190122,10.38,10.23,10.25,10.38,16250557
20190123,10.29,10.25,10.27,10.34,16520327
20190124,10.34,10.27,10.38,10.39,15006699
20190125,10.45,10.38,10.5,10.56,19696587
20190128,10.53,10.39,10.42,10.66,21769073
20190129,10.39,10.38,10.58,10.63,23768004
20190130,10.59,10.47,10.5,10.64,16054256
20190131,10.59,10.51,10.73,10.73,25131034
20190201,10.82,10.62,10.77,10.82,19119343
20190211,10.62,10.62,10.7,10.73,20216568
20190212,10.71,10.63,10.72,10.73,16769601
20190213,10.74,10.68,10.86,10.93,30248695
20190214,10.85,10.8,10.82,10.91,19815286
20190215,10.78,10.66,10.66,10.85,17758789
20190218,10.75,10.7,10.84,10.87,20102219
20190219,10.85,10.78,10.8,10.96,25952745
20190220,10.92,10.81,10.83,10.92,22286311
20190221,10.83,10.75,10.79,10.93,25402390
20190222,10.76,10.76,11.01,11.01,25907438
20190225,11.03,11.03,11.92,11.95,93712264
20190226,11.91,11.6,11.65,12.15,83643265
20190227,11.71,11.67,11.83,12.07,71201603
20190228,11.83,11.68,11.74,11.92,39393414
20190301,11.81,11.6,12.02,12.06,63254621
20190304,12.12,11.95,12.02,12.38,85024777
20190305,12.01,11.87,11.98,12.04,54564202
20190306,11.99,11.86,12.02,12.15,53693164
20190307,12.03,11.87,11.88,12.04,52618824
20190308,11.72,11.36,11.5,11.72,52670531
20190311,11.44,11.36,11.47,11.59,39922020
20190312,11.59,11.4,11.44,11.69,52211807
20190313,11.41,11.3,11.44,11.56,41373014
20190314,11.46,11.43,11.46,11.58,34337899
20190315,11.47,11.43,11.43,11.6,33769320
20190318,11.45,11.37,11.59,11.6,43879562
20190319,11.63,11.51,11.55,11.67,27500231
20190320,11.52,11.49,11.55,11.64,27325424
20190321,11.56,11.44,11.46,11.59,35037035
20190322,11.49,11.31,11.39,11.51,35436446
20190325,11.28,11.01,11.03,11.29,57716577
20190326,11.11,11.03,11.09,11.14,30795722
20190327,11.11,11.04,11.08,11.24,42124489
20190328,11.03,10.9,11.03,11.05,29296120
20190329,10.98,10.98,11.28,11.3,60526266
20190401,11.36,11.29,11.44,11.52,70637405
20190402,11.5,11.41,11.44,11.52,46714710
20190403,11.37,11.34,11.5,11.54,50271029
20190404,11.55,11.54,11.71,11.71,75232527
20190408,11.79,11.65,11.72,11.96,77870373
20190409,11.72,11.49,11.54,11.75,56895992
20190410,11.5,11.42,11.48,11.56,41027539
20190411,11.47,11.35,11.47,11.59,50172794
20190412,11.47,11.43,11.49,11.56,26273690
20190415,11.67,11.46,11.47,11.77,70509167
20190416,11.46,11.43,11.95,11.99,100665400
20190417,11.96,11.88,11.91,12.09,68157211
20190418,11.91,11.84,11.91,12.05,43048980
20190419,12.01,11.86,12.01,12.2,56013041
20190422,12.02,11.68,11.71,12.07,53389418
20190423,11.68,11.63,11.7,11.8,33847719
20190424,11.76,11.51,11.62,11.77,38201108
20190425,11.56,11.48,11.54,11.69,40876129
20190426,11.43,11.28,11.32,11.56,42469581
20190429,11.35,11.34,11.48,11.54,38586938
20190430,11.7,11.7,11.97,12.09,123474738
20190506,11.75,11.54,11.8,11.86,124545414
20190507,11.82,11.6,11.8,11.94,85489922
20190508,11.64,11.49,11.51,11.78,58500103
20190509,11.48,11.1,11.12,11.56,64128049
20190510,11.23,11.06,11.32,11.42,48550722
20190513,11.2,11.15,11.31,11.4,40284963
20190514,11.18,11.17,11.21,11.44,41888998
20190515,11.28,11.23,11.32,11.42,34404465
20190516,11.28,11.22,11.3,11.36,34141755
20190517,11.32,11.2,11.24,11.35,38399831
20190520,11.28,11.25,11.34,11.44,34904438
20190521,11.33,11.31,11.32,11.45,32975873
20190522,11.32,11.12,11.16,11.34,40000391
20190523,11.12,10.95,11.1,11.15,36312689
20190524,11.17,11.0,11.11,11.22,24160265
20190527,11.09,10.96,11.22,11.26,35087915
20190528,11.19,11.02,11.29,11.3,72278135
20190529,11.17,11.07,11.12,11.29,40860970
20190530,11.18,11.03,11.11,11.18,26650033
20190531,11.11,11.05,11.13,11.23,36976728
20190603,11.17,11.13,11.28,11.29,30492063
20190604,11.29,11.26,11.35,11.37,25077393
20190605,11.43,11.35,11.41,11.52,31423641
20190606,11.51,11.38,11.47,11.51,26427215
20190610,11.57,11.53,11.61,11.7,43183779
20190611,11.35,11.27,11.42,11.45,52266217
20190612,11.42,11.4,11.6,11.7,50635228
20190613,11.57,11.5,11.7,11.79,46966016
20190614,11.74,11.71,11.79,11.87,47385174
20190617,11.78,11.75,11.77,11.92,35220103
20190618,11.82,11.72,11.82,11.9,28965124
20190619,12.04,11.81,11.88,12.07,44927745
20190620,11.95,11.85,12.2,12.32,71647496
20190621,12.18,12.03,12.09,12.3,55381180
20190624,12.09,11.96,12.03,12.13,34195336
20190625,11.98,11.51,11.66,11.98,80359367
20190626,11.56,11.55,11.66,11.73,36973199
20190627,11.68,11.55,11.64,11.84,47997783
20190628,11.67,11.54,11.68,11.68,29545173
20190701,11.86,11.69,11.71,11.92,54887882
20190702,11.72,11.57,11.61,11.74,51165729
20190703,11.62,11.51,11.56,11.63,36567085
20190704,11.61,11.57,11.62,11.67,30369201
20190705,11.63,11.53,11.57,11.64,25753241
20190708,11.56,11.31,11.36,11.57,34710676
20190709,11.4,11.33,11.37,11.43,21885404
20190710,11.43,11.31,11.35,11.43,23409890
20190711,11.43,11.34,11.4,11.46,23285835
20190712,11.39,11.39,11.52,11.62,34816996
20190715,11.4,11.22,11.5,11.54,40305603
20190716,11.5,11.44,11.55,11.57,21606007
20190717,11.49,11.46,11.48,11.57,17480372
20190718,11.53,11.45,11.49,11.53,18260034
20190719,11.51,11.49,11.58,11.63,19619622
20190722,11.54,11.47,11.48,11.63,25617875
20190723,11.43,11.43,11.49,11.56,17927898
20190724,11.54,11.53,11.59,11.68,24112288
20190725,11.57,11.57,11.88,11.96,55900219
20190726,11.83,11.81,11.87,11.94,30368988
20190729,11.9,11.8,11.86,11.94,21465011
20190730,11.84,11.84,11.86,12.0,33731002
20190731,11.81,11.73,11.87,11.94,30650758
20190801,11.76,11.63,11.65,11.85,32471702
20190802,11.48,11.41,11.48,11.56,38976091
20190805,11.42,11.23,11.24,11.46,42719073
20190806,11.1,10.97,11.09,11.23,45203853
20190807,11.14,11.05,11.07,11.16,31462085
20190808,11.15,11.11,11.26,11.31,33258085
20190809,11.31,11.26,11.37,11.41,40637993
20190812,11.33,11.31,11.43,11.45,34989082
20190813,11.4,11.29,11.33,11.4,18839979
20190814,11.42,11.28,11.28,11.48,19874457
20190815,11.16,11.12,11.29,11.32,19101192
20190816,11.25,11.21,11.22,11.34,24823561
20190819,11.22,11.08,11.38,11.38,38253341
20190820,11.3,11.28,11.37,11.47,23758050
20190821,11.35,11.34,11.41,11.44,14656537
20190822,11.43,11.37,11.43,11.45,15866836
20190823,11.39,11.38,11.59,11.59,33655377
20190826,11.39,11.15,11.3,11.44,41845176
20190827,11.37,11.3,11.3,11.57,66247458
20190828,11.37,11.3,11.32,11.4,25525597
20190829,11.3,11.18,11.23,11.35,28049594
20190830,11.34,11.22,11.28,11.37,25424004
20190902,11.3,11.24,11.34,11.42,27749879
20190903,11.39,11.31,11.35,11.41,16286609
20190904,11.4,11.36,11.49,11.5,30670961
20190905,11.5,11.5,11.62,11.74,46828000
20190906,11.68,11.58,11.69,11.7,34392057
20190909,11.78,11.68,11.75,11.79,40059368
20190910,11.79,11.69,11.85,11.86,37041097
20190911,11.85,11.85,11.95,12.0,39063654
20190912,12.08,11.92,12.0,12.09,26104824
20190916,11.99,11.83,11.93,12.01,25489116
20190917,11.96,11.77,11.81,12.01,33558932
20190918,11.94,11.87,11.93,12.0,31387271
20190919,12.0,11.88,11.94,12.0,23742171
20190920,11.99,11.85,11.95,11.99,40109279
20190923,11.9,11.68,11.75,11.92,27710795
20190924,11.81,11.73,11.75,11.86,21870962
20190925,11.75,11.69,11.81,11.95,30136356
20190926,11.88,11.84,11.97,12.18,72726461
20190927,11.95,11.76,11.9,11.99,36807878
20190930,11.85,11.81,11.84,12.07,35947577
20191008,11.8,11.8,11.9,12.03,32415886
20191009,11.82,11.8,11.99,12.13,42209602
20191010,12.02,11.91,11.96,12.04,27261229
20191011,12.05,12.0,12.45,12.45,92030800
20191014,12.59,12.52,12.94,13.22,123970103
20191015,12.95,12.86,13.09,13.14,73394591
20191016,13.08,12.9,13.08,13.33,67002223
20191017,13.07,13.03,13.17,13.25,47869313
20191018,13.24,12.72,12.78,13.29,64992896
20191021,12.8,12.75,12.91,13.03,38996287
20191022,13.03,12.77,12.93,13.05,31396257
20191023,12.89,12.77,12.86,12.95,32821414
20191024,12.98,12.95,13.09,13.24,103158806
20191025,13.09,12.78,12.9,13.09,97876357
20191028,12.75,12.65,12.7,12.88,72380466
20191029,12.74,12.62,12.77,12.85,52604090
20191030,12.75,12.52,12.59,12.79,53734730
20191031,12.68,12.5,12.51,12.7,33347533
20191101,12.5,12.44,12.75,12.83,62705733
20191104,12.75,12.69,12.74,12.89,49737996
20191105,12.74,12.69,12.95,13.19,74274389
20191106,12.95,12.86,12.92,13.1,46023920
20191107,12.95,12.71,12.76,12.95,46267281
20191108,12.8,12.56,12.57,12.81,48841866
20191111,12.48,12.29,12.29,12.48,38594267
20191112,12.31,12.17,12.24,12.36,39239395
20191113,12.21,12.15,12.23,12.29,32274979
20191114,12.23,12.1,12.14,12.27,28943647
20191115,12.22,12.12,12.15,12.26,27324299
20191118,12.17,12.13,12.24,12.35,28796529
20191119,12.2,12.18,12.23,12.31,29370803
20191120,12.17,12.01,12.04,12.22,38092059
20191121,12.0,11.91,11.96,12.04,34617175
20191122,12.01,11.94,11.99,12.06,29531099
20191125,12.03,12.0,12.07,12.14,25153256
20191126,12.15,11.98,12.06,12.17,59633264
20191127,12.07,11.9,11.99,12.07,28703956
20191128,12.0,11.92,11.96,12.01,17797225
20191129,11.93,11.89,11.91,12.07,24566935
20191202,11.96,11.82,11.87,11.97,22163020
20191203,11.81,11.77,11.86,11.9,19557865
20191204,11.78,11.7,11.75,11.83,24734662
20191205,11.79,11.76,11.89,11.89,24976130
20191206,11.92,11.83,11.92,11.95,20654438
20191209,11.9,11.85,11.9,11.93,17349258
20191210,11.88,11.86,11.86,11.91,15324640
20191211,11.88,11.85,11.98,11.99,33409045
20191212,11.99,11.88,11.9,11.99,27021203
20191213,11.98,11.94,12.12,12.12,59520554
20191216,12.12,12.0,12.13,12.15,37971632
20191217,12.17,12.1,12.39,12.51,57435605
20191218,12.36,12.34,12.4,12.5,34565268
20191219,12.4,12.38,12.41,12.5,23789907
20191220,12.41,12.38,12.42,12.55,40150148
20191223,12.46,12.17,12.2,12.46,37033891
20191224,12.21,12.2,12.28,12.29,21671029
20191225,12.29,12.2,12.24,12.29,13678175
20191226,12.26,12.23,12.29,12.32,15739054
20191227,12.25,12.25,12.32,12.43,27932109
20191230,12.27,12.12,12.34,12.36,41051555
20191231,12.32,12.21,12.37,12.38,31953628
20200102,12.47,12.45,12.47,12.64,51629079
20200103,12.57,12.47,12.6,12.63,38018810
20200106,12.52,12.42,12.46,12.65,41001193
20200107,12.51,12.46,12.5,12.6,28421482
20200108,12.41,12.25,12.32,12.45,35240536
20200109,12.39,12.35,12.37,12.43,26151448
20200110,12.37,12.31,12.39,12.42,18321252
20200113,12.4,12.31,12.41,12.41,20715566
20200114,12.4,12.39,12.43,12.69,29994561
20200115,12.41,12.25,12.25,12.45,31897217
20200116,12.28,12.16,12.2,12.31,22454876
20200117,12.22,12.16,12.23,12.29,17593111
20200120,12.26,12.19,12.25,12.27,23734609
20200121,12.2,12.04,12.08,12.25,31787474
20200122,11.7,11.65,11.77,11.84,78133556
20200123,11.75,11.32,11.35,11.75,76534796
20200203,10.22,10.22,10.47,10.69,95367382
20200204,10.51,10.48,10.66,10.74,66783767
20200205,10.69,10.58,10.7,10.78,45046658
20200206,10.81,10.65,10.79,10.86,38023801
20200207,10.73,10.67,10.86,10.91,31896956
20200210,10.76,10.71,10.77,10.84,34032121
20200211,10.82,10.78,10.86,10.95,34856302
20200212,10.84,10.76,10.86,10.88,26313927
20200213,10.82,10.76,10.76,10.88,22630613
20200214,10.76,10.74,10.86,10.88,22360549
20200217,10.88,10.86,11.18,11.21,41343320
20200218,11.09,11.04,11.06,11.18,30162703
20200219,11.08,11.04,11.11,11.24,25100157
20200220,11.17,11.06,11.23,11.27,36656416
20200221,11.23,11.21,11.3,11.39,38949418
20200224,11.23,11.1,11.16,11.34,44738622
20200225,11.07,11.01,11.09,11.15,48324564
20200226,11.01,11.01,11.2,11.33,51906287
20200227,11.2,11.13,11.21,11.3,33029824
20200228,11.11,10.85,10.85,11.18,50137988
20200302,10.95,10.92,11.04,11.1,39245056
20200303,11.13,11.04,11.06,11.23,39332460
20200304,11.01,10.95,11.03,11.1,34628358
20200305,11.08,11.03,11.32,11.32,73047882
20200306,11.23,11.11,11.12,11.28,41587820
20200309,11.0,10.75,10.78,11.0,59495242
20200310,10.71,10.7,10.87,10.96,44761737
20200311,10.93,10.77,10.77,10.93,31688826
20200312,10.75,10.61,10.64,10.75,32632350
20200313,10.4,10.28,10.7,10.73,57457109
20200316,10.7,10.5,10.51,10.78,47649924
20200317,10.68,10.29,10.43,10.69,42139008
20200318,10.4,10.2,10.21,10.5,33176646
20200319,10.19,9.86,9.94,10.34,55707113
20200320,10.12,9.96,10.09,10.18,42609358
20200323,9.95,9.82,9.84,9.95,28286030
20200324,10.03,9.98,10.06,10.13,28990754
20200325,10.2,10.12,10.15,10.27,32172278
20200326,10.1,10.08,10.23,10.37,30921803
20200327,10.35,10.2,10.24,10.38,27107951
20200330,10.18,10.11,10.28,10.28,26046018
20200331,10.3,10.13,10.15,10.36,26144854
20200401,10.11,10.09,10.09,10.26,22479192
20200402,10.09,10.07,10.2,10.2,17042135
20200403,10.13,10.12,10.15,10.21,14842382
20200407,10.3,10.23,10.28,10.33,23825611
20200408,10.25,10.18,10.24,10.29,17952255
20200409,10.26,10.18,10.2,10.29,13569586
20200410,10.22,10.15,10.21,10.24,16625528
20200413,10.15,10.1,10.11,10.22,11966986
20200414,10.17,10.12,10.25,10.25,17792926
20200415,10.2,10.15,10.18,10.27,14945608
20200416,10.1,10.1,10.16,10.18,14403197
20200417,10.18,10.15,10.2,10.23,22744411
20200420,10.15,10.09,10.11,10.19,23503715
20200421,10.07,10.01,10.03,10.12,17557525
20200422,10.02,9.98,10.07,10.07,15802441
20200423,10.1,10.01,10.06,10.1,16878643
20200424,10.06,10.01,10.06,10.09,16973113
20200427,10.15,10.15,10.34,10.42,50342806
20200428,10.36,10.22,10.33,10.38,29222578
20200429,10.35,10.33,10.61,10.61,35056836
20200430,10.58,10.56,10.63,10.79,30906971
20200506,10.44,10.36,10.46,10.49,41378362
20200507,10.45,10.37,10.39,10.46,26211656
20200508,10.44,10.4,10.44,10.49,20927670
20200511,10.44,10.42,10.43,10.54,21472495
20200512,10.44,10.34,10.34,10.48,19405945
20200513,10.31,10.28,10.38,10.39,15574310
20200514,10.32,10.27,10.3,10.36,15892376
20200515,10.36,10.26,10.28,10.38,13753770
20200518,10.28,10.25,10.32,10.43,15675941
20200519,10.45,10.34,10.35,10.45,12576997
20200520,10.37,10.33,10.41,10.42,20046300
20200521,10.44,10.33,10.33,10.44,14361684
20200522,10.3,10.14,10.14,10.34,23722915
20200525,10.3,10.13,10.27,10.31,15722012
20200526,10.32,10.25,10.27,10.32,14372249
20200527,10.28,10.25,10.35,10.38,20145712
20200528,10.36,10.36,10.53,10.55,38263189
20200529,10.45,10.45,10.57,10.57,30659227
20200601,10.63,10.57,10.65,10.72,28612841
20200602,10.58,10.58,10.68,10.74,25922545
20200603,10.75,10.7,10.7,10.87,27352188
20200604,10.8,10.64,10.64,10.8,17559033
20200605,10.68,10.56,10.67,10.69,20958291
20200608,10.64,10.6,10.61,10.72,18251152
20200609,10.62,10.58,10.68,10.72,17263160
20200610,10.71,10.58,10.58,10.71,16693480
20200611,10.58,10.45,10.48,10.61,25171455
20200612,10.58,10.43,10.55,10.58,25514482
20200615,10.41,10.35,10.35,10.49,25497883
20200616,10.44,10.4,10.45,10.5,17682742
20200617,10.44,10.43,10.47,10.51,16148594
20200618,10.42,10.39,10.5,10.57,20856551
20200619,10.56,10.5,10.61,10.68,39814479
20200622,10.57,10.53,10.55,10.66,24611903
20200623,10.51,10.47,10.48,10.57,19602212
20200624,10.54,10.5,10.6,10.61,22873884
20200629,10.63,10.49,10.57,10.73,27875619
20200630,10.59,10.54,10.58,10.64,22886764
20200701,10.59,10.55,10.74,10.76,36690710
20200702,10.73,10.7,11.05,11.05,60951268
20200703,11.08,11.02,11.19,11.26,82238477
20200706,11.3,11.29,12.2,12.31,149558001
20200707,12.45,12.1,12.11,12.69,131469759
20200708,12.17,12.03,12.14,12.44,104879230
20200709,12.26,11.94,11.99,12.26,91311738
20200710,11.98,11.55,11.6,12.09,78611864
20200713,11.6,11.56,11.66,11.85,96564333
20200714,11.61,11.33,11.38,11.69,79944260
20200715,11.47,11.14,11.18,11.47,92438310
20200716,11.25,11.2,11.2,11.48,96614162
20200717,11.37,11.17,11.27,11.39,68639480
20200720,11.32,11.27,11.52,11.57,78766518
20200721,11.59,11.4,11.54,11.61,55004587
20200722,11.55,11.5,11.62,11.75,98687637
20200723,10.99,10.61,10.84,10.99,86806896
20200724,10.78,10.4,10.42,10.8,72886391
20200727,10.55,10.32,10.37,10.55,44655910
20200728,10.46,10.35,10.39,10.54,32599274
20200729,10.35,10.32,10.51,10.54,45256602
20200730,10.51,10.4,10.4,10.53,40443481
20200731,10.41,10.31,10.36,10.52,65368427
20200803,10.4,10.37,10.41,10.48,56272005
20200804,10.46,10.43,10.66,10.72,88522454
20200805,10.64,10.45,10.51,10.64,46011280
20200806,10.57,10.41,10.53,10.63,42484232
20200807,10.51,10.36,10.43,10.53,44271966
20200810,10.42,10.39,10.52,10.57,48973967
20200811,10.58,10.45,10.47,10.68,63673224
20200812,10.49,10.46,10.56,10.6,43268629
20200813,10.6,10.5,10.51,10.61,25798477
20200814,10.53,10.48,10.59,10.6,37584530
20200817,10.59,10.57,10.84,10.98,98742699
20200818,10.85,10.63,10.69,10.85,54091961
20200819,10.69,10.57,10.58,10.74,43448106
20200820,10.56,10.43,10.47,10.57,53539028
20200821,10.56,10.45,10.5,10.56,31451520
20200824,10.57,10.44,10.46,10.57,38982822
20200825,10.48,10.41,10.45,10.51,37897250
20200826,10.44,10.35,10.37,10.45,39278732
20200827,10.38,10.32,10.35,10.4,30462492
20200828,10.35,10.31,10.46,10.46,53131203
20200831,10.46,10.32,10.36,10.51,80037356
20200901,10.31,10.26,10.29,10.36,53931233
20200902,10.28,10.12,10.18,10.29,56787081
20200903,10.19,10.11,10.12,10.23,40832020
20200904,10.07,10.01,10.07,10.15,38443982
20200907,10.07,10.01,10.01,10.16,58564585
20200908,10.07,10.01,10.05,10.09,52972540
20200909,10.01,10.0,10.01,10.08,49418500
20200910,10.06,9.94,9.96,10.06,54169916
20200911,9.95,9.85,9.92,9.96,49947642
20200914,9.95,9.86,9.9,9.95,38851230
20200915,9.91,9.85,9.86,9.92,46601549
20200916,9.87,9.8,9.86,9.9,51470657
20200917,9.87,9.8,9.83,9.89,43171675
20200918,9.84,9.8,9.94,9.94,95230581
20200921,9.94,9.83,9.84,9.97,55998716
20200922,9.81,9.69,9.7,9.84,65952098
20200923,9.71,9.62,9.63,9.72,41909587
20200924,9.61,9.46,9.5,9.62,53858739
20200925,9.5,9.46,9.47,9.53,29487505
20200928,9.49,9.46,9.46,9.53,26257827
20200929,9.5,9.43,9.43,9.52,32988266
20200930,9.45,9.35,9.39,9.49,39006807
20201009,9.44,9.4,9.42,9.48,39772687
20201012,9.45,9.42,9.59,9.63,66671637
20201013,9.58,9.52,9.54,9.59,28059097
20201014,9.54,9.5,9.53,9.56,42969217
20201015,9.54,9.53,9.62,9.72,66146732
20201016,9.61,9.6,9.72,9.77,74850236
20201019,9.73,9.64,9.65,9.93,84532385
20201020,9.63,9.51,9.58,9.65,46687029
20201021,9.58,9.51,9.7,9.7,61622129
20201022,9.67,9.59,9.65,9.76,47288884
20201023,9.63,9.62,9.7,9.79,70954476
20201026,9.72,9.59,9.6,9.75,52711443
20201027,9.59,9.48,9.48,9.59,38062780
20201028,9.48,9.38,9.4,9.52,45881367
20201029,9.35,9.34,9.37,9.45,43707348
20201030,9.38,9.25,9.26,9.45,56060864
20201102,9.28,9.22,9.25,9.33,46542251
20201103,9.31,9.28,9.3,9.4,67876111
20201104,9.35,9.28,9.34,9.4,50256088
20201105,9.46,9.33,9.36,9.46,55873229
20201106,9.37,9.33,9.39,9.43,63919592
20201109,9.42,9.39,9.43,9.48,88937655
20201110,9.47,9.44,9.46,9.59,84217864
20201111,9.49,9.44,9.56,9.58,64171805
20201112,9.52,9.43,9.43,9.53,51891050
20201113,9.41,9.33,9.36,9.41,44910112
20201116,9.38,9.37,9.45,9.46,31878052
20201117,9.46,9.44,9.53,9.53,47293970
20201118,9.53,9.5,9.7,9.77,109417513
20201119,9.7,9.64,9.74,9.78,63840056
20201120,9.68,9.61,9.67,9.72,46631360
20201123,9.66,9.63,9.9,9.92,92618240
20201124,9.92,9.82,9.85,9.97,61221709
20201125,9.9,9.81,9.81,9.99,61216111
20201126,9.84,9.76,9.98,9.99,71595543
20201127,10.01,9.96,10.2,10.2,113388037
20201130,10.3,10.06,10.06,10.53,203498922
20201201,10.08,10.01,10.3,10.35,107812159
20201202,10.26,10.19,10.25,10.39,78702779
20201203,10.23,10.16,10.24,10.28,57195735
20201204,10.24,10.05,10.17,10.25,47336450
20201207,10.11,9.9,9.99,10.17,57810545
20201208,9.97,9.93,9.98,10.06,31522398
20201209,9.98,9.91,9.91,10.09,44090061
20201210,9.91,9.76,9.82,9.96,39400878
20201211,9.84,9.69,9.7,9.88,48386569
20201214,9.75,9.68,9.75,9.8,38743836
20201215,9.73,9.6,9.71,9.74,39323070
20201216,9.72,9.64,9.65,9.78,47998904
20201217,9.64,9.59,9.77,9.79,42901555
20201218,9.74,9.69,9.76,9.79,31884462
20201221,9.7,9.65,9.75,9.77,31965504
20201222,9.75,9.55,9.61,9.75,50418001
20201223,9.6,9.48,9.55,9.64,38656338
20201224,9.55,9.51,9.55,9.66,24871912
20201225,9.56,9.51,9.58,9.61,22420976
20201228,9.55,9.5,9.57,9.63,33765935
20201229,9.59,9.52,9.53,9.62,44150648
20201230,9.52,9.44,9.5,9.54,54885564
20201231,9.51,9.49,9.68,9.69,65992362
20210104,9.64,9.55,9.69,9.73,62906939
20210105,9.68,9.52,9.68,9.68,53859177
20210106,9.62,9.62,9.82,9.83,61881321
20210107,9.83,9.66,9.81,9.93,57090442
20210108,9.83,9.73,9.83,9.9,55801455
20210111,9.83,9.68,9.69,9.94,75984056
20210112,9.7,9.58,9.78,9.79,56732878
20210113,9.75,9.72,9.84,9.88,57145173
20210114,9.83,9.76,9.87,9.96,55338565
20210115,9.98,9.92,9.92,10.23,143067603
20210118,9.92,9.87,10.08,10.12,96389498
20210119,10.07,9.98,10.16,10.22,82816180
20210120,10.13,9.96,9.98,10.18,66608913
20210121,9.99,9.93,9.97,10.07,53622907
20210122,9.96,9.76,9.79,9.97,61879785
20210125,9.77,9.67,9.72,9.78,51705648
20210126,9.69,9.66,9.68,9.78,39877611
20210127,9.67,9.66,9.73,9.88,55174457
20210128,9.73,9.61,9.66,9.74,52360924
20210129,9.69,9.65,9.96,10.13,115257482
20210201,9.94,9.9,10.44,10.48,181883788
20210202,10.35,10.15,10.22,10.47,131403970
20210203,10.19,10.06,10.26,10.43,131150745
20210204,10.21,10.12,10.28,10.41,92016450
20210205,10.28,10.25,10.72,10.82,195506162
20210208,10.71,10.51,10.72,10.81,137089506
20210209,10.7,10.54,10.68,10.74,99871998
20210210,10.67,10.56,10.69,10.85,105092241
20210218,10.8,10.74,10.83,11.02,143397923
20210219,10.83,10.77,10.97,11.12,122926300
20210222,10.92,10.7,10.71,10.95,127379414
20210223,10.71,10.71,10.78,10.99,93327786
20210224,10.81,10.55,10.6,10.89,97783999
20210225,10.66,10.6,10.8,10.85,89855495
20210226,10.72,10.54,10.54,10.82,85386093
20210301,10.59,10.5,10.58,10.64,54746126
20210302,10.61,10.36,10.47,10.7,74763149
20210303,10.45,10.43,10.92,10.92,113570860
20210304,10.8,10.76,10.88,10.92,75412865
20210305,10.87,10.69,10.86,10.94,72154782
20210308,10.98,10.71,10.75,11.02,80153097
20210309,10.78,10.65,10.73,10.9,83584061
20210310,10.76,10.63,10.72,10.79,50512161
20210311,10.8,10.76,10.9,10.97,76816962
20210312,10.89,10.82,10.9,11.03,79235629
20210315,10.88,10.88,11.12,11.24,113524449
20210316,11.05,11.01,11.11,11.24,65502259
20210317,11.1,10.89,10.92,11.12,57821851
20210318,10.97,10.9,11.03,11.05,50943550
20210319,11.01,10.56,10.65,11.05,103359887
20210322,10.62,10.62,10.75,10.88,66031003
20210323,10.76,10.68,10.78,10.83,47127710
20210324,10.77,10.63,10.68,10.81,44132642
20210325,10.72,10.61,10.63,10.78,43547662
20210326,10.68,10.61,10.62,10.73,40882734
20210329,10.6,10.4,10.48,10.6,92366772
20210330,10.65,10.62,11.01,11.01,173447215
20210331,11.01,10.87,10.99,11.04,66813691
20210401,10.99,10.81,10.89,11.01,47781207
20210402,10.94,10.67,10.76,10.95,65365057
20210406,10.76,10.68,10.7,10.79,33911224
20210407,10.74,10.58,10.65,10.75,60988540
20210408,10.63,10.56,10.66,10.7,42047850
20210409,10.64,10.53,10.59,10.64,38683022
20210412,10.58,10.52,10.73,10.75,57023744
20210413,10.74,10.67,10.76,10.82,52756234
20210414,10.82,10.57,10.59,10.82,45686754
20210415,10.58,10.38,10.43,10.61,53172372
20210416,10.45,10.42,10.54,10.55,32895624
20210419,10.55,10.45,10.58,10.64,50203914
20210420,10.55,10.48,10.5,10.58,29450563
20210421,10.47,10.46,10.58,10.62,45439718
20210422,10.6,10.4,10.43,10.6,41793378
20210423,10.42,10.38,10.43,10.47,24825285
20210426,10.45,10.28,10.3,10.5,46387212
20210427,10.33,10.24,10.27,10.34,25042540
20210428,10.33,10.18,10.25,10.33,35321183
20210429,10.28,10.26,10.54,10.55,48194627
20210430,10.28,9.96,10.05,10.28,156103445
20210506,9.97,9.97,10.1,10.18,61139167
20210507,10.1,9.99,10.03,10.15,72345288
20210510,10.06,9.88,9.95,10.06,61516454
20210511,9.92,9.9,10.05,10.07,42333780
20210512,10.04,10.02,10.12,10.2,52012085
20210513,10.09,10.01,10.09,10.17,47212565
20210514,10.1,10.03,10.19,10.2,47681403
20210517,10.2,10.13,10.21,10.29,46363314
20210518,10.18,10.15,10.22,10.23,19093505
20210519,10.19,10.07,10.12,10.2,29273907
20210520,10.1,10.02,10.16,10.18,35395264
20210521,10.2,10.07,10.09,10.22,28618932
20210524,10.08,10.05,10.09,10.14,23518901
20210525,10.1,10.06,10.32,10.33,75417564
20210526,10.31,10.28,10.35,10.42,54984815
20210527,10.32,10.26,10.29,10.43,52063330
20210528,10.33,10.25,10.35,10.36,34593293
20210531,10.34,10.22,10.27,10.34,37255726
20210601,10.23,10.18,10.19,10.26,41880384
20210602,10.21,10.13,10.22,10.23,35830478
20210603,10.21,10.18,10.23,10.32,52244908
20210604,10.25,10.19,10.23,10.38,71052432
20210607,10.26,10.2,10.23,10.27,36301400
20210608,10.24,10.18,10.31,10.33,50838116
20210609,10.29,10.21,10.21,10.35,56095091
20210610,10.21,10.2,10.23,10.31,45685432
20210611,10.24,10.11,10.17,10.28,58030251
20210615,10.15,10.01,10.03,10.15,46955773
20210616,10.04,10.01,10.05,10.14,32171081
20210617,10.05,10.03,10.04,10.12,29689848
20210618,10.04,10.0,10.1,10.1,44451210
20210621,10.06,10.01,10.04,10.09,39815744
20210622,10.06,10.0,10.0,10.12,45184564
20210623,10.01,9.96,9.99,10.03,34400099
20210624,10.0,9.97,10.02,10.05,31652661
20210625,10.02,10.01,10.08,10.11,48335388
20210628,10.06,9.99,10.01,10.07,32597114
20210629,10.01,9.98,9.98,10.04,32733370
20210630,10.0,9.97,10.0,10.02,21580051
20210701,10.01,9.99,10.03,10.06,36999138
20210702,10.01,9.92,9.93,10.05,51535129
20210705,9.95,9.85,9.92,9.96,44806863
20210706,9.91,9.88,9.99,10.01,37737379
20210707,10.01,9.94,10.03,10.04,35666988
20210708,10.05,9.92,9.94,10.05,30745176
20210709,9.93,9.9,9.91,10.01,34590087
20210712,9.96,9.9,9.91,9.99,33415612
20210713,9.94,9.88,9.96,9.99,34611654
20210714,9.97,9.8,9.83,9.97,52207557
20210715,9.83,9.81,9.94,9.96,45903396
20210716,10.01,9.96,9.98,10.08,45557802
20210719,9.98,9.85,10.01,10.03,53049438
20210720,10.01,9.94,9.99,10.02,36834727
20210721,9.51,9.51,9.55,9.64,58450876
20210722,9.58,9.56,9.64,9.72,43977169
20210723,9.6,9.57,9.58,9.67,30090322
20210726,9.57,9.3,9.34,9.58,51742715
20210727,9.36,9.09,9.15,9.43,53279860
20210728,9.16,9.16,9.21,9.36,46335875
20210729,9.25,9.1,9.12,9.28,43587733
20210730,9.13,9.01,9.03,9.13,35697122
20210802,9.03,8.97,9.13,9.24,45713350
20210803,9.13,9.04,9.12,9.14,33014050
20210804,9.12,9.05,9.07,9.14,25214494
20210805,9.06,9.04,9.05,9.12,24267799
20210806,9.05,9.0,9.08,9.08,22486126
20210809,9.06,9.05,9.17,9.25,37461914
20210810,9.18,9.1,9.2,9.23,34370935
20210811,9.18,9.16,9.21,9.29,37382098
20210812,9.21,9.16,9.17,9.22,22978467
20210813,9.16,9.14,9.18,9.23,21925988
20210816,9.19,9.16,9.22,9.27,27369511
20210817,9.23,9.17,9.19,9.29,38016760
20210818,9.2,9.16,9.33,9.39,43424745
20210819,9.34,9.19,9.23,9.34,36391371
20210820,9.25,9.18,9.27,9.3,35374387
20210823,9.3,9.2,9.2,9.31,32418942
20210824,9.22,9.17,9.21,9.3,40815968
20210825,9.23,9.16,9.19,9.24,34063999
20210826,9.18,9.13,9.14,9.2,29439149
20210827,9.16,9.14,9.17,9.22,27618817
20210830,9.05,8.92,8.96,9.08,80410279
20210831,8.98,8.93,9.05,9.05,44633690
20210901,9.03,9.01,9.18,9.23,58211312
20210902,9.2,9.16,9.23,9.24,40122727
20210903,9.24,9.16,9.24,9.33,50781588
20210906,9.22,9.2,9.21,9.31,35627742
20210907,9.21,9.16,9.34,9.39,64051787
20210908,9.34,9.29,9.34,9.39,40941784
20210909,9.32,9.25,9.3,9.34,31951355
20210910,9.32,9.31,9.41,9.48,57250718
20210913,9.38,9.34,9.39,9.43,29373307
20210914,9.39,9.17,9.21,9.43,53934721
20210915,9.21,9.13,9.19,9.26,38064766
20210916,9.2,9.11,9.12,9.23,49199895
20210917,9.11,9.08,9.11,9.17,30233529
20210922,9.0,8.96,9.03,9.08,35054148
20210923,9.1,9.01,9.03,9.15,39639967
20210924,9.04,8.99,9.02,9.08,39925596
20210927,9.02,8.94,9.02,9.05,41708355
20210928,8.98,8.98,9.03,9.09,33340762
20210929,9.01,8.97,9.02,9.09,40008268
20210930,9.03,8.98,9.0,9.05,29190245
20211008,9.05,9.03,9.08,9.15,39080557
20211011,9.12,9.1,9.15,9.25,46632488
20211012,9.12,9.09,9.14,9.19,35725751
20211013,9.14,9.05,9.07,9.15,22538281
20211014,9.07,9.02,9.04,9.09,22584606
20211015,9.05,9.02,9.07,9.11,27525449
20211018,9.06,8.98,9.02,9.1,25964695
20211019,9.03,9.01,9.01,9.07,28636166
20211020,9.03,8.99,9.02,9.06,27482428
20211021,9.05,9.01,9.04,9.09,44074576
20211022,9.07,9.02,9.07,9.13,38669415
20211025,9.03,9.02,9.03,9.06,26585515
20211026,9.06,9.01,9.03,9.09,30751828
20211027,9.01,8.96,8.99,9.02,34197280
20211028,8.99,8.95,8.96,9.01,28165181
20211029,8.96,8.93,8.94,9.0,35990731
20211101,8.69,8.6,8.72,8.78,64940974
20211102,8.71,8.5,8.54,8.75,70034623
20211103,8.59,8.51,8.53,8.59,29785185
20211104,8.53,8.5,8.51,8.54,26148859
20211105,8.51,8.49,8.53,8.54,22913355
20211108,8.48,8.46,8.49,8.53,24353008
20211109,8.5,8.49,8.54,8.55,19548518
20211110,8.53,8.44,8.48,8.53,27478869
20211111,8.48,8.47,8.62,8.62,31419321
20211112,8.64,8.58,8.65,8.65,20498205
20211115,8.66,8.65,8.75,8.75,27625801
20211116,8.7,8.63,8.73,8.74,24030066
20211117,8.67,8.65,8.65,8.72,19301599
20211118,8.61,8.53,8.56,8.66,20465395
20211119,8.56,8.55,8.65,8.7,20471995
20211122,8.63,8.59,8.6,8.66,20983745
20211123,8.61,8.61,8.63,8.7,21502374
20211124,8.61,8.59,8.68,8.69,19342692
20211125,8.68,8.61,8.64,8.69,13169070
20211126,8.61,8.55,8.56,8.62,21199061
20211129,8.57,8.5,8.59,8.59,23746400
20211130,8.54,8.51,8.51,8.59,30900124
20211201,8.53,8.51,8.56,8.58,19333856
20211202,8.56,8.52,8.58,8.61,22906201
20211203,8.58,8.52,8.59,8.6,23848744
20211206,8.59,8.57,8.6,8.64,33882029
20211207,8.69,8.6,8.68,8.7,40016290
20211208,8.7,8.63,8.67,8.7,28605916
20211209,8.69,8.66,8.75,8.8,51186201
20211210,8.73,8.72,8.77,8.78,42494890
20211213,8.79,8.62,8.65,8.81,56234006
20211214,8.64,8.54,8.57,8.65,49389318
20211215,8.54,8.53,8.55,8.58,20664239
20211216,8.56,8.55,8.6,8.61,26899524
20211217,8.61,8.56,8.56,8.62,27269580
20211220,8.55,8.55,8.58,8.61,27786123
20211221,8.55,8.55,8.61,8.65,26310957
20211222,8.62,8.57,8.57,8.64,21618063
20211223,8.58,8.56,8.58,8.6,18901873
20211224,8.58,8.53,8.54,8.59,18252048
20211227,8.54,8.53,8.56,8.57,19527735
20211228,8.56,8.54,8.57,8.59,29833707
20211229,8.57,8.53,8.54,8.58,20050130
20211230,8.54,8.53,8.54,8.58,23272484
20211231,8.54,8.53,8.53,8.57,22929621
20220104,8.54,8.52,8.57,8.58,37707647
20220105,8.57,8.56,8.64,8.68,55459135
20220106,8.66,8.56,8.57,8.66,41031062
20220107,8.57,8.57,8.71,8.73,63018297
20220110,8.72,8.66,8.72,8.78,34055312
20220111,8.74,8.69,8.73,8.78,42646106
20220112,8.75,8.63,8.69,8.75,41240670
20220113,8.73,8.69,8.72,8.85,48923692
20220114,8.72,8.57,8.59,8.72,51060652
20220117,8.57,8.57,8.57,8.63,22177975
20220118,8.58,8.55,8.63,8.66,39995195
20220119,8.63,8.61,8.64,8.66,26257662
20220120,8.66,8.64,8.8,8.82,82842044
20220121,8.78,8.72,8.76,8.8,47572539
20220124,8.79,8.66,8.69,8.79,32489722
20220125,8.68,8.56,8.56,8.68,43312412
20220126,8.57,8.54,8.57,8.59,23481959
20220127,8.55,8.45,8.45,8.56,56281031
20220128,8.48,8.41,8.41,8.51,43993766
20220207,8.48,8.44,8.52,8.55,39988312
20220208,8.53,8.51,8.65,8.67,47572520
20220209,8.64,8.62,8.64,8.71,36223235
20220210,8.66,8.62,8.69,8.71,28716174
20220211,8.7,8.67,8.74,8.76,37682874
20220214,8.69,8.58,8.6,8.71,34727078
20220215,8.59,8.52,8.55,8.63,31680750
20220216,8.58,8.56,8.59,8.64,28609574
20220217,8.6,8.56,8.56,8.63,24533221
20220218,8.55,8.53,8.67,8.67,34384620
20220221,8.64,8.55,8.6,8.64,24334270
20220222,8.57,8.53,8.58,8.59,32497174
20220223,8.59,8.53,8.54,8.59,29476392
20220224,8.54,8.4,8.44,8.55,47703559
20220225,8.44,8.41,8.43,8.48,32239910
20220228,8.44,8.36,8.39,8.45,23393262
20220301,8.39,8.39,8.44,8.46,23540305
20220302,8.41,8.4,8.42,8.46,16708051
20220303,8.44,8.43,8.46,8.5,19864647
20220304,8.44,8.36,8.4,8.44,26395729
20220307,8.38,8.28,8.29,8.4,37177243
20220308,8.29,8.05,8.08,8.3,46688059
20220309,8.11,7.76,7.9,8.13,46035702
20220310,8.01,7.92,7.92,8.05,25181489
20220311,7.89,7.77,8.01,8.02,33286005
20220314,7.95,7.9,7.91,8.0,22770866
20220315,7.92,7.61,7.63,7.93,48962295
20220316,7.69,7.52,7.77,7.8,41520083
20220317,7.85,7.71,7.74,7.85,41495556
20220318,7.73,7.71,7.9,7.91,53179530
20220321,7.84,7.73,7.76,7.84,38823962
20220322,7.77,7.75,7.83,7.88,28224469
20220323,7.83,7.77,7.8,7.84,25553686
20220324,7.78,7.76,7.8,7.83,16687677
20220325,7.8,7.78,7.8,7.86,16474442
20220328,7.8,7.71,7.86,7.87,28783984
20220329,7.83,7.8,7.82,7.86,22516978
20220330,7.84,7.82,7.92,7.92,29854369
20220331,7.89,7.86,8.0,8.02,25969772
20220401,7.95,7.94,8.07,8.07,31881345
20220406,8.0,8.0,8.17,8.18,42546117
20220407,8.16,8.06,8.07,8.18,31712143
20220408,8.07,8.02,8.11,8.12,24089173
20220411,8.11,7.97,8.01,8.11,30015679
20220412,8.02,7.98,8.11,8.15,31331939
20220413,8.09,8.05,8.1,8.14,18501150
20220414,8.11,8.1,8.11,8.15,18973150
20220415,8.11,8.09,8.15,8.18,21811956
20220418,8.12,8.01,8.03,8.14,21022369
20220419,8.04,8.03,8.14,8.14,24564490
20220420,8.13,8.08,8.11,8.15,19143935
20220421,8.08,7.99,8.07,8.16,29228035
20220422,8.01,8.01,8.09,8.12,27612017
20220425,8.02,7.81,7.82,8.1,53311550
20220426,7.84,7.79,7.87,7.99,38204259
20220427,7.91,7.81,7.83,7.95,38688614
20220428,7.86,7.86,7.99,7.99,45175169
20220429,7.98,7.86,8.03,8.06,44512846
20220505,8.03,7.96,7.99,8.08,29133140
20220506,7.94,7.82,7.85,7.98,31795578
20220509,7.85,7.8,7.82,7.86,16035420
20220510,7.8,7.71,7.85,7.89,32991018
20220511,7.84,7.81,7.86,7.9,25116815
20220512,7.83,7.83,7.87,7.91,22352229
20220513,7.91,7.9,8.05,8.05,37343358
20220516,8.05,7.93,7.97,8.07,20990826
20220517,8.01,7.95,8.02,8.04,18714191
20220518,7.98,7.92,7.95,8.01,19463913
20220519,7.92,7.89,7.91,7.98,19904191
20220520,7.94,7.92,8.04,8.05,32699572
20220523,8.06,7.95,7.95,8.06,25527572
20220524,7.96,7.87,7.88,7.97,26028514
20220525,7.92,7.85,7.88,7.93,21003364
20220526,7.89,7.84,7.9,7.92,23401589
20220527,7.92,7.88,8.0,8.01,31755338
20220530,8.01,7.87,7.88,8.02,35696257
20220531,7.9,7.88,7.94,7.98,31750884
20220601,7.94,7.89,7.91,7.94,18401941
20220602,7.89,7.87,7.89,7.91,18931116
20220606,7.87,7.82,7.86,7.9,33010527
20220607,7.84,7.83,7.88,7.89,30623076
20220608,7.87,7.83,7.86,7.88,39555666
20220609,7.86,7.84,7.95,7.96,60606956
20220610,7.93,7.89,7.93,8.05,123446198
20220613,7.91,7.74,7.77,7.93,104597235
20220614,7.74,7.73,7.87,7.89,55047795
20220615,7.86,7.85,8.03,8.13,112759058
20220616,8.05,7.92,7.92,8.08,56889689
20220617,7.91,7.89,7.97,8.0,35612494
20220620,7.95,7.91,7.91,7.98,30065154
20220621,7.92,7.92,7.97,7.98,23245677
20220622,7.96,7.91,7.92,7.97,20635582
20220623,7.94,7.91,7.97,7.97,23255144
20220624,7.97,7.93,7.95,7.98,23665322
20220627,7.95,7.94,7.97,8.01,24067719
20220628,7.97,7.96,8.04,8.04,25729078
20220629,8.01,8.0,8.05,8.06,30299747
20220630,8.05,8.0,8.01,8.06,23369617
20220701,8.01,7.98,7.99,8.04,17846787
20220704,7.99,7.94,7.96,8.0,18222009
20220705,7.96,7.94,7.98,8.0,21322243
20220706,7.97,7.87,7.9,7.98,28829658
20220707,7.88,7.86,7.87,7.92,18636395
20220708,7.9,7.87,7.88,7.9,12379190
20220711,7.87,7.86,7.87,7.9,16195472
20220712,7.86,7.86,7.91,7.94,19889798
20220713,7.93,7.85,7.85,7.94,30506523
20220714,7.84,7.75,7.79,7.86,40565878
20220715,7.76,7.65,7.67,7.8,47127632
20220718,7.68,7.68,7.79,7.79,25164232
20220719,7.79,7.77,7.81,7.82,28872304
20220720,7.85,7.77,7.79,7.85,39713402
20220721,7.4,7.33,7.33,7.41,41541585
20220722,7.34,7.34,7.35,7.38,19660796
20220725,7.33,7.33,7.35,7.38,17093960
20220726,7.36,7.34,7.38,7.39,18730569
20220727,7.36,7.33,7.34,7.37,17036417
20220728,7.35,7.32,7.33,7.37,21524372
20220729,7.35,7.23,7.26,7.35,43873316
20220801,7.26,7.21,7.23,7.28,24438011
20220802,7.22,7.07,7.14,7.22,40986083
20220803,7.13,7.07,7.07,7.17,28144846
20220804,7.09,7.06,7.09,7.1,21294463
20220805,7.09,7.08,7.15,7.18,22554203
20220808,7.17,7.12,7.12,7.18,12981219
20220809,7.13,7.1,7.12,7.15,13023820
20220810,7.12,7.08,7.09,7.13,11674742
20220811,7.12,7.1,7.18,7.19,21910821
20220812,7.19,7.17,7.24,7.26,22253354
20220815,7.24,7.2,7.21,7.29,20451392
20220816,7.21,7.18,7.19,7.26,17910142
20220817,7.21,7.18,7.28,7.3,20980840
20220818,7.27,7.19,7.21,7.27,12991819
20220819,7.18,7.18,7.2,7.28,17544569
20220822,7.18,7.16,7.23,7.24,13776616
20220823,7.21,7.17,7.17,7.22,15047471
20220824,7.17,7.14,7.15,7.22,16855765
20220825,7.16,7.15,7.2,7.22,15772556
20220826,7.23,7.18,7.22,7.26,17576235
20220829,7.16,7.12,7.15,7.21,27600324
20220830,7.14,7.13,7.19,7.2,22541928
20220831,7.17,7.15,7.27,7.28,39566130
20220901,7.23,7.2,7.23,7.29,23298388
20220902,7.24,7.2,7.21,7.27,19975499
20220905,7.18,7.14,7.26,7.27,26646247
20220906,7.25,7.24,7.26,7.3,21866681
20220907,7.23,7.22,7.22,7.26,16568470
20220908,7.24,7.22,7.24,7.27,14478347
20220909,7.27,7.24,7.31,7.34,32423037
20220913,7.28,7.27,7.35,7.36,23795140
20220914,7.29,7.27,7.28,7.34,18649011
20220915,7.29,7.28,7.32,7.37,31940343
20220916,7.3,7.14,7.14,7.32,33979138
20220919,7.16,7.1,7.16,7.2,22388073
20220920,7.16,7.1,7.11,7.18,22247046
20220921,7.1,7.08,7.13,7.16,20026161
20220922,7.11,7.08,7.12,7.14,19540404
20220923,7.12,7.09,7.16,7.18,21806262
20220926,7.12,7.05,7.06,7.17,29503476
20220927,7.04,7.02,7.07,7.09,20128163
20220928,7.05,7.02,7.08,7.12,25197590
20220929,7.11,6.95,6.99,7.13,37072647
20220930,7.02,6.99,7.04,7.07,21572691
20221010,7.04,7.01,7.03,7.09,20028296
20221011,7.07,7.0,7.01,7.08,18613647
20221012,7.01,6.96,7.05,7.05,20354488
20221013,7.03,6.97,7.0,7.04,24107256
20221014,7.03,7.01,7.03,7.07,27342763
20221017,7.05,7.0,7.02,7.05,20616536
20221018,7.04,7.01,7.02,7.06,21908675
20221019,7.02,6.97,6.97,7.04,17988215
20221020,6.97,6.96,6.97,7.0,19765093
20221021,6.99,6.91,6.92,7.02,24567888
20221024,6.93,6.8,6.81,6.94,38610105
20221025,6.88,6.8,6.84,6.88,26539881
20221026,6.83,6.8,6.82,6.86,20377311
20221027,6.83,6.81,6.82,6.87,21293652
20221028,6.84,6.75,6.8,6.87,28234295
20221031,6.73,6.63,6.64,6.75,32237373
20221101,6.68,6.65,6.74,6.74,27035074
20221102,6.7,6.66,6.71,6.74,24034116
20221103,6.71,6.64,6.66,6.71,21251911
20221104,6.65,6.64,6.79,6.8,32665677
20221107,6.75,6.74,6.81,6.83,16269623
20221108,6.83,6.77,6.79,6.83,15282862
20221109,6.77,6.77,6.79,6.82,13127494
20221110,6.75,6.74,6.78,6.8,12601008
20221111,6.83,6.83,6.94,6.98,40237053
20221114,6.98,6.96,7.03,7.09,43777420
20221115,7.01,7.0,7.06,7.09,25212063
20221116,7.03,7.01,7.03,7.06,17398102
20221117,7.02,6.95,6.98,7.02,22026825
20221118,6.99,6.91,6.91,7.0,22662930
20221121,6.9,6.83,6.88,6.91,22374965
20221122,6.89,6.89,7.02,7.04,33424530
20221123,7.01,6.99,7.05,7.12,36694389
20221124,7.06,7.03,7.03,7.14,21534531
20221125,7.04,7.04,7.17,7.18,43033799
20221128,7.1,6.98,7.07,7.1,37873189
20221129,7.1,7.08,7.27,7.3,68171227
20221130,7.24,7.22,7.22,7.3,32346981
20221201,7.28,7.21,7.22,7.34,30040435
20221202,7.25,7.17,7.23,7.25,25722026
20221205,7.28,7.24,7.36,7.37,47367357
20221206,7.32,7.3,7.36,7.39,30550306
20221207,7.35,7.3,7.34,7.4,31176550
20221208,7.32,7.31,7.38,7.39,25551776
20221209,7.37,7.3,7.32,7.39,38192346
20221212,7.31,7.23,7.26,7.36,26708550
20221213,7.27,7.25,7.32,7.35,18253626
20221214,7.37,7.26,7.32,7.37,16180635
20221215,7.28,7.23,7.24,7.32,17471770
20221216,7.25,7.23,7.35,7.35,31704629
20221219,7.37,7.21,7.24,7.37,20432546
20221220,7.23,7.13,7.14,7.28,24800259
20221221,7.22,7.13,7.19,7.24,17252934
20221222,7.28,7.2,7.24,7.31,18662641
20221223,7.19,7.17,7.19,7.27,12958464
20221226,7.19,7.08,7.1,7.21,20138533
20221227,7.13,7.12,7.22,7.29,24065192
20221228,7.22,7.2,7.3,7.3,20901364
20221229,7.27,7.18,7.24,7.29,18367088
20221230,7.23,7.22,7.28,7.3,20352397
20230103,7.27,7.17,7.23,7.28,25892521
20230104,7.27,7.23,7.31,7.35,30947081
20230105,7.37,7.3,7.35,7.38,30162154
20230106,7.35,7.31,7.34,7.38,20312881
20230109,7.38,7.3,7.34,7.38,19612260
20230110,7.35,7.28,7.28,7.35,16194647
20230111,7.31,7.27,7.3,7.34,19215541
20230112,7.33,7.24,7.27,7.34,16849908
20230113,7.29,7.27,7.34,7.35,21770211
20230116,7.35,7.28,7.33,7.38,36816941
20230117,7.34,7.27,7.3,7.35,24222613
20230118,7.31,7.27,7.31,7.33,24494551
20230119,7.31,7.26,7.33,7.33,16713352
20230120,7.34,7.32,7.36,7.36,20986958
20230130,7.43,7.37,7.4,7.43,31810739
20230131,7.42,7.37,7.37,7.45,28438220
20230201,7.4,7.33,7.36,7.4,18659542
20230202,7.39,7.32,7.36,7.39,21900191
20230203,7.33,7.27,7.27,7.35,29885527
20230206,7.25,7.21,7.25,7.25,22786780
20230207,7.27,7.22,7.24,7.27,15481821
20230208,7.24,7.22,7.23,7.27,13095025
20230209,7.23,7.22,7.26,7.28,10895965
20230210,7.25,7.22,7.24,7.27,11944106
20230213,7.22,7.18,7.23,7.26,20449779
20230214,7.24,7.23,7.24,7.26,11929853
20230215,7.24,7.19,7.2,7.25,15467693
20230216,7.21,7.18,7.19,7.26,18798353
20230217,7.19,7.13,7.13,7.22,21148914
20230220,7.16,7.15,7.26,7.27,25613504
20230221,7.26,7.23,7.29,7.3,16234446
20230222,7.28,7.24,7.24,7.29,12971392
20230223,7.25,7.23,7.23,7.28,11436536
20230224,7.22,7.18,7.18,7.26,16681114
20230227,7.16,7.16,7.16,7.2,15800639
20230228,7.18,7.14,7.18,7.2,17448100
20230301,7.17,7.17,7.26,7.27,25661325
20230302,7.23,7.23,7.27,7.29,17070002
20230303,7.29,7.26,7.35,7.36,31094168
20230306,7.35,7.31,7.33,7.37,24939950
20230307,7.32,7.3,7.31,7.46,56642781
20230308,7.3,7.25,7.31,7.32,19059038
20230309,7.31,7.25,7.27,7.34,18993344
20230310,7.24,7.15,7.15,7.26,27843826
20230313,7.05,7.03,7.06,7.09,51314997
20230314,7.06,7.0,7.02,7.07,32453388
20230315,7.07,7.06,7.08,7.1,25072976
20230316,7.08,7.05,7.12,7.17,28501314
20230317,7.14,7.1,7.11,7.22,36328142
20230320,7.1,7.1,7.13,7.22,26292154
20230321,7.16,7.13,7.13,7.2,18977675
20230322,7.15,7.14,7.18,7.19,16988375
20230323,7.15,7.14,7.21,7.22,21506296
20230324,7.19,7.18,7.21,7.25,25687826
20230327,7.23,7.15,7.15,7.23,19141397
20230328,7.16,7.14,7.18,7.19,16641290
20230329,7.23,7.16,7.16,7.23,12685806
20230330,7.18,7.12,7.19,7.21,22504756
20230331,7.19,7.17,7.19,7.24,20048925
20230403,7.19,7.16,7.19,7.21,20246596
20230404,7.19,7.16,7.21,7.22,25718197
20230406,7.21,7.18,7.18,7.22,14740291
20230407,7.19,7.16,7.23,7.24,17465820
20230410,7.21,7.19,7.21,7.24,17548307
20230411,7.23,7.18,7.18,7.23,20191251
20230412,7.2,7.17,7.21,7.23,19475694
20230413,7.22,7.2,7.25,7.29,25779019
20230414,7.28,7.25,7.27,7.31,25074604
20230417,7.26,7.26,7.39,7.4,36027756
20230418,7.38,7.37,7.54,7.59,77412335
20230419,7.49,7.43,7.53,7.58,52269783
20230420,7.5,7.5,7.68,7.69,72340661
20230421,7.67,7.57,7.59,7.73,50258973
20230424,7.59,7.47,7.49,7.64,43348471
20230425,7.53,7.52,7.56,7.62,42805282
20230426,7.56,7.42,7.46,7.56,50919367
20230427,7.48,7.42,7.48,7.51,49269460
20230428,7.47,7.47,7.6,7.65,38841289
20230504,7.48,7.35,7.68,7.75,75866605
20230505,7.68,7.66,7.76,7.9,67991125
20230508,7.77,7.76,8.07,8.17,143117862
20230509,8.14,7.94,7.96,8.22,122058988
20230510,7.93,7.65,7.7,7.95,87338919
20230511,7.72,7.65,7.67,7.8,43135406
20230512,7.7,7.58,7.62,7.71,55003725
20230515,7.62,7.51,7.69,7.71,49175572
20230516,7.7,7.64,7.67,7.78,41397733
20230517,7.67,7.58,7.61,7.69,29442573
20230518,7.64,7.61,7.68,7.75,38714402
20230519,7.67,7.52,7.54,7.67,35072548
20230522,7.58,7.52,7.54,7.6,21174297
20230523,7.54,7.45,7.45,7.59,29213715
20230524,7.43,7.29,7.29,7.44,45145900
20230525,7.26,7.24,7.31,7.33,34408974
20230526,7.31,7.25,7.32,7.36,18912850
20230529,7.32,7.31,7.41,7.46,29624085
20230530,7.42,7.3,7.37,7.44,26942819
20230531,7.37,7.29,7.35,7.37,26569353
20230601,7.33,7.26,7.28,7.35,30606250
20230602,7.29,7.29,7.35,7.36,20697156
20230605,7.35,7.31,7.41,7.43,21286683
20230606,7.41,7.36,7.38,7.53,33736363
20230607,7.4,7.4,7.46,7.5,21593403
20230608,7.49,7.43,7.57,7.59,27634633
20230609,7.57,7.53,7.56,7.6,22288077
20230612,7.54,7.43,7.43,7.54,20300133
20230613,7.43,7.4,7.46,7.48,15724325
20230614,7.48,7.4,7.4,7.51,17986091
20230615,7.43,7.39,7.45,7.49,20936996
20230616,7.45,7.39,7.43,7.47,26908579
20230619,7.41,7.34,7.34,7.42,17368652
20230620,7.36,7.29,7.29,7.37,20417397
20230621,7.29,7.27,7.27,7.37,20122147
20230626,7.27,7.14,7.16,7.28,34007942
20230627,7.15,7.14,7.19,7.23,18412655
20230628,7.2,7.15,7.21,7.22,15806614
20230629,7.21,7.18,7.18,7.25,21627405
20230630,7.17,7.17,7.24,7.27,19425283
20230703,7.25,7.25,7.32,7.33,20873751
20230704,7.3,7.23,7.28,7.33,17447358
20230705,7.26,7.21,7.25,7.28,11396554
20230706,7.25,7.19,7.21,7.27,14827400
20230707,7.21,7.18,7.22,7.25,14748837
20230710,7.22,7.2,7.22,7.25,11410653
20230711,7.26,7.23,7.28,7.29,14074191
20230712,7.28,7.25,7.25,7.32,14414543
20230713,7.3,7.27,7.4,7.4,26925447
20230714,7.42,7.38,7.44,7.45,19569658
20230717,7.44,7.35,7.42,7.45,13992076
20230718,7.42,7.37,7.39,7.42,12026567
20230719,7.36,7.36,7.41,7.43,18189577
20230720,7.43,7.4,7.42,7.48,26686817
20230721,7.1,7.07,7.12,7.15,27661416
20230724,7.08,7.07,7.13,7.16,25840210
20230725,7.18,7.17,7.27,7.29,31444763
20230726,7.28,7.26,7.29,7.34,22818033
20230727,7.33,7.29,7.37,7.4,26198753
20230728,7.33,7.33,7.5,7.52,46528827
20230731,7.55,7.52,7.6,7.64,52804227
20230801,7.58,7.54,7.6,7.63,30934266
20230802,7.56,7.43,7.48,7.59,42654533
20230803,7.52,7.44,7.56,7.58,29329503
20230804,7.59,7.54,7.58,7.65,34256817
20230807,7.57,7.49,7.52,7.57,26012874
20230808,7.47,7.43,7.52,7.55,27001247
20230809,7.5,7.47,7.55,7.55,17792571
20230810,7.45,7.35,7.42,7.46,52865300
20230811,7.44,7.23,7.23,7.44,37051127
20230814,7.18,7.05,7.1,7.2,44245535
20230815,7.12,7.09,7.17,7.19,31218657
20230816,7.15,7.12,7.14,7.19,22953985
20230817,7.13,7.05,7.1,7.14,37202484
20230818,7.1,7.07,7.07,7.17,28150555
20230821,7.06,6.96,6.96,7.11,42517681
20230822,6.98,6.97,7.01,7.04,32939985
20230823,7.01,6.98,7.02,7.09,30151367
20230824,7.03,6.98,6.99,7.06,24604979
20230825,6.99,6.97,7.05,7.09,24703830
20230828,7.3,7.12,7.15,7.32,66648091
20230829,7.2,7.03,7.07,7.2,50437460
20230830,7.1,7.01,7.03,7.1,28718303
20230831,7.03,6.98,6.98,7.09,32933152
20230901,6.99,6.99,7.01,7.04,21792955
20230904,7.06,7.03,7.11,7.14,36814307
20230905,7.1,7.03,7.04,7.12,22326770
20230906,7.02,7.02,7.09,7.09,16736457
20230907,7.09,7.02,7.04,7.1,20271873
20230908,7.03,7.0,7.0,7.05,18416554
20230911,7.02,7.0,7.04,7.09,24884950
20230912,7.03,7.03,7.06,7.07,20976211
20230913,7.09,7.04,7.05,7.1,20049817
20230914,7.08,7.06,7.11,7.12,35579855
20230915,7.12,7.07,7.12,7.16,34081942
20230918,7.09,7.03,7.07,7.1,22282093
20230919,7.08,7.05,7.13,7.13,28234575
20230920,7.12,7.08,7.13,7.15,16303047
20230921,7.13,7.09,7.1,7.17,27306965
20230922,7.1,7.07,7.18,7.18,32181271
20230925,7.18,7.13,7.16,7.2,30717443
20230926,7.17,7.12,7.15,7.19,21886050
20230927,7.19,7.11,7.13,7.19,32067290
20230928,7.15,7.1,7.1,7.17,22435320
20231009,7.08,7.0,7.03,7.08,27763130
20231010,7.13,7.01,7.01,7.14,24095561
20231011,7.06,7.01,7.02,7.08,24057412
20231012,7.09,7.06,7.14,7.17,36346964
20231013,7.11,7.08,7.1,7.15,19650410
20231016,7.12,7.04,7.07,7.13,24907733
20231017,7.09,7.05,7.09,7.1,19029143
20231018,7.07,7.05,7.05,7.11,21485721
20231019,7.04,6.83,6.84,7.05,61679771
20231020,6.81,6.8,6.87,6.93,31067950
20231023,6.87,6.8,6.83,6.89,23824321
20231024,6.85,6.81,6.82,6.86,28129297
20231025,6.86,6.83,6.93,6.93,26841192
20231026,6.93,6.89,6.96,7.02,24739484
20231027,6.96,6.94,6.99,7.02,19465758
20231030,6.86,6.77,6.8,6.89,52388866
20231031,6.79,6.78,6.82,6.84,26173217
20231101,6.83,6.8,6.86,6.88,28272210
20231102,6.9,6.86,6.94,6.95,24611088
20231103,6.94,6.89,6.89,6.95,22202536
20231106,6.89,6.89,6.94,6.96,19432835
20231107,6.92,6.89,6.91,6.94,15913010
20231108,6.9,6.87,6.9,6.92,17761233
20231109,6.9,6.88,6.93,6.96,21910350
20231110,6.91,6.86,6.88,6.96,20458993
20231113,6.88,6.82,6.88,6.9,14168068
20231114,6.87,6.87,6.88,6.91,13777480
20231115,6.93,6.91,6.96,6.99,24340030
20231116,6.97,6.92,6.93,6.98,14412881
20231117,6.94,6.85,6.86,6.94,20775396
20231120,6.88,6.83,6.91,6.92,18326582
20231121,6.94,6.92,6.96,7.0,29684278
20231122,6.97,6.94,6.94,6.99,17540802
20231123,6.93,6.89,6.93,6.96,15742059
20231124,6.93,6.92,6.95,6.98,20165282
20231127,6.96,6.86,6.9,6.97,23107698
20231128,6.92,6.86,6.87,6.92,18249280
20231129,6.88,6.8,6.82,6.88,28416567
20231130,6.82,6.82,6.85,6.89,31711200
20231201,6.85,6.82,6.85,6.9,28946191
20231204,6.86,6.81,6.81,6.87,18858701
20231205,6.82,6.69,6.71,6.82,34604936
20231206,6.7,6.61,6.61,6.71,39833177
20231207,6.61,6.53,6.61,6.64,30541661
20231208,6.6,6.58,6.67,6.68,29519687
20231211,6.64,6.53,6.72,6.72,33616409
20231212,6.68,6.64,6.71,6.73,17003582
20231213,6.7,6.67,6.71,6.75,28683394
20231214,6.7,6.63,6.64,6.72,19863107
20231215,6.66,6.57,6.57,6.7,33702985
20231218,6.57,6.51,6.58,6.61,27523762
20231219,6.58,6.53,6.56,6.59,18988512
20231220,6.58,6.53,6.53,6.62,19369874
20231221,6.52,6.49,6.57,6.59,28140927
20231222,6.57,6.53,6.58,6.61,23589282
20231225,6.56,6.55,6.58,6.61,12904349
20231226,6.57,6.54,6.56,6.6,11934542
20231227,6.56,6.51,6.6,6.61,18422704
20231228,6.6,6.59,6.68,6.69,34802733
20231229,6.66,6.61,6.62,6.7,33801429
20240102,6.63,6.6,6.6,6.65,22066700
20240103,6.59,6.59,6.64,6.65,18203654
20240104,6.64,6.55,6.62,6.67,28885978
20240105,6.6,6.59,6.68,6.76,44421387
20240108,6.68,6.56,6.59,6.71,37520337
20240109,6.6,6.54,6.61,6.64,30741897
20240110,6.61,6.57,6.57,6.63,22240946
20240111,6.56,6.52,6.53,6.59,35914708
20240112,6.52,6.5,6.5,6.56,34624053
20240115,6.5,6.47,6.51,6.54,28694155
20240116,6.49,6.49,6.59,6.6,53186496
20240117,6.58,6.52,6.53,6.62,48249869
20240118,6.53,6.36,6.56,6.58,73994422
20240119,6.52,6.47,6.59,6.62,57640079
20240122,6.58,6.53,6.59,6.67,67173480
20240123,6.58,6.5,6.62,6.65,33298531
20240124,6.64,6.6,6.71,6.73,53746498
20240125,6.73,6.7,6.77,6.8,50256871
20240126,6.78,6.75,6.87,6.91,70997933
20240129,6.86,6.85,6.9,6.97,55269921
20240130,6.9,6.82,6.83,6.95,40737046
20240131,6.81,6.74,6.83,6.88,45661999
20240201,6.83,6.78,6.8,6.88,44252421
20240202,6.82,6.72,6.84,6.92,59482913
20240205,6.84,6.76,6.89,6.92,82713695
20240206,6.89,6.86,7.0,7.0,71683218
20240207,7.02,6.85,6.94,7.03,83731296
20240208,6.95,6.82,6.96,6.97,67164744
20240219,6.98,6.95,7.12,7.13,57869788
20240220,7.13,7.06,7.1,7.15,32408954
20240221,7.11,7.09,7.24,7.32,58809554
20240222,7.24,7.18,7.21,7.27,33665209
20240223,7.21,7.2,7.28,7.33,37939600
20240226,7.26,7.09,7.1,7.28,42483070
20240227,7.07,7.06,7.14,7.15,24862246
20240228,7.12,7.08,7.1,7.16,35826714
20240229,7.11,7.09,7.15,7.17,34288217
20240301,7.13,7.1,7.11,7.16,29431801
20240304,7.12,7.05,7.07,7.12,27855963
20240305,7.05,7.04,7.16,7.18,41756232
20240306,7.17,7.12,7.12,7.22,25918749
20240307,7.12,7.11,7.14,7.2,24690348
20240308,7.12,7.11,7.12,7.17,19861794
20240311,7.13,7.06,7.11,7.17,26195498
20240312,7.11,7.08,7.1,7.15,29030476
20240313,7.12,7.03,7.04,7.12,25948461
20240314,7.04,7.03,7.04,7.09,18703556
20240315,7.04,7.03,7.09,7.09,29599544
20240318,7.06,7.06,7.09,7.13,26558472
20240319,7.08,7.01,7.01,7.08,22848715
20240320,7.01,6.98,7.03,7.06,19542993
20240321,7.06,7.03,7.1,7.13,41924870
20240322,7.08,6.96,7.04,7.12,35960453
20240325,7.06,7.01,7.06,7.09,24439536
20240326,7.09,7.07,7.15,7.15,35111522
20240327,7.14,7.11,7.17,7.23,41943066
20240328,7.19,7.11,7.17,7.2,34535966
20240329,7.13,7.11,7.13,7.19,18138885
20240401,7.15,7.14,7.23,7.24,36028832
20240402,7.24,7.22,7.27,7.31,35095170
20240403,7.23,7.19,7.23,7.28,25254107
20240408,7.23,7.19,7.28,7.32,32764493
20240409,7.29,7.25,7.26,7.32,20335543
20240410,7.26,7.23,7.27,7.33,22436726
20240411,7.23,7.19,7.24,7.28,25364241
20240412,7.2,7.12,7.13,7.26,32809731
20240415,7.12,7.12,7.3,7.3,48310304
20240416,7.25,7.21,7.26,7.32,40203325
20240417,7.26,7.18,7.34,7.35,43151857
20240418,7.34,7.31,7.33,7.46,46822476
20240419,7.32,7.26,7.34,7.4,38004160
20240422,7.36,7.28,7.29,7.43,32694690
20240423,7.32,7.25,7.34,7.4,44055644
20240424,7.38,7.3,7.36,7.4,24758859
20240425,7.33,7.31,7.41,7.42,24676934
20240426,7.41,7.35,7.42,7.48,45846571
20240429,7.39,7.3,7.42,7.52,39317757
20240430,7.58,7.56,7.7,7.84,105472788
20240506,7.82,7.75,7.85,7.89,85937325
20240507,7.85,7.72,7.82,7.86,46269505
20240508,7.81,7.78,7.8,7.85,30377893
20240509,7.8,7.76,7.8,7.85,33942090
20240510,7.81,7.8,7.94,7.95,52211612
20240513,7.93,7.87,7.96,7.98,40422120
20240514,7.97,7.86,7.88,7.98,39843641
20240515,7.9,7.84,7.89,7.93,31039103
20240516,7.92,7.88,8.02,8.05,60658707
20240517,8.04,8.0,8.16,8.16,69438051
20240520,8.2,8.15,8.32,8.35,88144991
20240521,8.31,8.26,8.42,8.42,53146295
20240522,8.41,8.38,8.53,8.62,71173213
20240523,8.52,8.48,8.52,8.6,61212293
20240524,8.51,8.41,8.44,8.59,60740601
20240527,8.45,8.43,8.54,8.56,52858689
20240528,8.58,8.51,8.54,8.64,40047322
20240529,8.53,8.45,8.49,8.59,40802385
20240530,8.47,8.36,8.4,8.55,56701595
20240531,8.45,8.31,8.34,8.45,53797304
20240603,8.3,8.19,8.28,8.33,60213694
20240604,8.28,8.23,8.32,8.34,39800453
20240605,8.33,8.26,8.29,8.34,31295787
20240606,8.31,8.24,8.25,8.35,34149589
20240607,8.32,8.2,8.31,8.38,41451677
20240611,8.34,8.11,8.15,8.36,41132394
20240612,8.15,8.04,8.11,8.17,38617741
20240613,8.1,8.09,8.13,8.2,40433704
20240614,8.1,7.99,8.14,8.18,44463016
20240617,8.15,8.03,8.1,8.16,36278423
20240618,8.1,8.02,8.09,8.15,32876191
20240619,8.1,8.09,8.22,8.26,40605109
20240620,8.18,8.15,8.2,8.26,25662317
20240621,8.2,8.12,8.17,8.23,40011366
20240624,8.19,8.03,8.15,8.2,37046666
20240625,8.18,8.09,8.2,8.25,39818093
20240626,8.2,8.13,8.21,8.23,33563736
20240627,8.21,8.13,8.22,8.3,44561528
20240628,8.22,8.17,8.23,8.29,37799680
20240701,8.22,8.2,8.28,8.3,28732962
20240702,8.27,8.27,8.53,8.54,57345810
20240703,8.53,8.48,8.53,8.6,46409668
20240704,8.59,8.48,8.5,8.63,44412066
20240705,8.54,8.29,8.34,8.55,51997018
20240708,8.34,8.26,8.43,8.49,45320796
20240709,8.47,8.41,8.64,8.66,54534187
20240710,8.64,8.6,8.69,8.72,40604560
20240711,8.71,8.56,8.6,8.73,34946181
20240712,8.63,8.61,8.84,8.85,57267692
20240715,8.83,8.8,8.88,8.91,46191487
20240716,8.87,8.82,8.86,8.95,44680322
20240717,8.9,8.86,9.04,9.07,88119289
20240718,8.75,8.61,8.77,8.78,66209504
20240719,8.79,8.62,8.73,8.79,61941334
20240722,8.71,8.52,8.58,8.73,63228917
20240723,8.62,8.59,8.59,8.69,41181512
20240724,8.61,8.54,8.55,8.68,37551729
20240725,8.58,8.32,8.52,8.58,60156087
20240726,8.48,8.24,8.33,8.52,49358978
20240729,8.33,8.3,8.53,8.57,46463848
20240730,8.54,8.36,8.39,8.54,40584273
20240731,8.45,8.35,8.4,8.46,43429641
20240801,8.4,8.34,8.57,8.61,54560150
20240802,8.56,8.4,8.47,8.6,31361531
20240805,8.47,8.35,8.38,8.52,41178838
20240806,8.43,8.19,8.24,8.45,41604073
20240807,8.23,8.22,8.31,8.37,26542223
20240808,8.36,8.29,8.38,8.45,27669055
20240809,8.41,8.41,8.53,8.6,39120101
20240812,8.51,8.49,8.58,8.63,29249959
20240813,8.56,8.54,8.59,8.67,27211550
20240814,8.63,8.54,8.57,8.65,21145686
20240815,8.51,8.51,8.74,8.75,45066216
20240816,8.74,8.7,8.85,8.86,37566933
20240819,8.86,8.84,9.02,9.03,58937989
20240820,9.01,8.88,8.91,9.07,50188819
20240821,8.91,8.82,8.96,9.04,43628079
20240822,8.96,8.93,9.01,9.07,36264260
20240823,9.01,8.9,9.0,9.04,31698749
20240826,9.0,8.83,8.88,9.0,51444628
20240827,8.87,8.82,8.88,8.94,30683375
20240828,8.92,8.76,8.82,8.93,32528523
20240829,8.82,8.53,8.55,8.83,50949648
20240830,8.54,8.38,8.43,8.62,68354443
20240902,8.37,8.35,8.39,8.5,42178596
20240903,8.38,8.2,8.25,8.43,41257157
20240904,8.29,8.23,8.32,8.37,34187190
20240905,8.38,8.23,8.32,8.41,36176713
20240906,8.33,8.32,8.43,8.51,32293701
20240909,8.44,8.32,8.38,8.47,34290373
20240910,8.38,8.29,8.5,8.53,39694136
20240911,8.48,8.21,8.25,8.49,29395961
20240912,8.21,8.19,8.47,8.49,43128108
20240913,8.5,8.32,8.35,8.51,28411141
20240918,8.35,8.26,8.32,8.45,20139428
20240919,8.37,8.3,8.52,8.53,39163824
20240920,8.49,8.43,8.51,8.57,42872330
20240923,8.53,8.46,8.63,8.65,30023895
20240924,8.75,8.66,9.09,9.09,89208035
20240925,9.27,9.25,9.49,9.55,119063522
20240926,9.5,9.43,9.84,9.84,89839005
20240927,9.99,9.6,9.87,10.08,57039467
20240930,10.06,9.82,10.13,10.29,188375605
20241008,10.88,10.2,10.5,11.02,192133102
20241009,10.5,9.91,9.91,10.5,116072715
20241010,10.06,10.05,10.31,10.49,101639927
20241011,10.37,10.02,10.16,10.52,58937652
20241014,10.31,10.25,10.4,10.54,88307795
20241015,10.45,10.25,10.25,10.53,62939733
20241016,10.15,10.15,10.34,10.46,52614974
20241017,10.34,10.22,10.22,10.48,45576672
20241018,10.18,10.02,10.15,10.33,62206282
20241021,10.18,9.95,10.16,10.22,64523034
20241022,10.16,10.01,10.13,10.27,42803387
20241023,10.12,10.1,10.18,10.25,33566174
20241024,10.12,10.12,10.14,10.25,24017341
20241025,10.14,10.07,10.08,10.2,28419908
20241028,10.1,9.95,10.06,10.1,31702745
20241029,10.01,9.97,9.99,10.15,34069864
20241030,9.99,9.91,9.94,10.12,42037416
20241031,10.01,9.71,9.84,10.05,60021367
20241101,9.86,9.77,9.94,10.0,43939258
20241104,9.97,9.84,9.99,10.0,33773247
20241105,9.97,9.91,10.06,10.06,41474815
20241106,10.04,9.9,9.95,10.14,74208723
20241107,9.94,9.92,10.28,10.28,64397191
20241108,10.33,10.03,10.06,10.36,53764728
20241111,9.9,9.66,9.72,10.12,80000294
20241112,9.73,9.66,9.66,9.82,49682703
20241113,9.63,9.6,9.63,9.74,43872201
20241114,9.61,9.57,9.65,9.71,45451896
20241115,9.61,9.5,9.54,9.7,48821231
20241118,9.65,9.64,9.83,10.1,100696552
20241119,9.85,9.67,9.79,10.05,73998208
20241120,9.77,9.69,9.71,9.85,45465799
20241121,9.71,9.68,9.72,9.77,29612755
20241122,9.72,9.47,9.48,9.75,44359024
20241125,9.61,9.31,9.33,9.61,60921995
20241126,9.32,9.22,9.31,9.33,48983389
20241127,9.31,9.18,9.43,9.47,43007443
20241128,9.49,9.33,9.44,9.54,39154733
20241129,9.52,9.43,9.46,9.61,46540742
20241202,9.45,9.37,9.49,9.5,46604260
20241203,9.46,9.41,9.65,9.65,41926355
20241204,9.65,9.55,9.75,9.78,51193385
20241205,9.68,9.63,9.64,9.78,29173571
20241206,9.62,9.62,9.7,9.79,40629685
20241209,9.65,9.63,9.66,9.75,32582928
20241210,9.82,9.71,9.8,9.92,58338643
20241211,9.8,9.62,9.63,9.84,48762796
20241212,9.65,9.59,9.82,9.82,49651526
20241213,9.76,9.6,9.66,9.8,67266875
20241216,9.62,9.62,9.64,9.75,34183618
20241217,9.65,9.5,9.53,9.7,41185694
20241218,9.56,9.51,9.54,9.68,39798741
20241219,9.51,9.42,9.53,9.56,42987772
20241220,9.57,9.55,9.58,9.72,49298094
20241223,9.63,9.6,9.93,10.08,116444693
20241224,9.89,9.89,10.13,10.17,84438152
20241225,10.13,10.13,10.35,10.39,72739600
20241226,10.35,10.16,10.34,10.39,61152236
20241227,10.33,10.12,10.36,10.39,69506374
20241230,10.34,10.31,10.47,10.49,78477805
20241231,10.43,10.28,10.29,10.56,57783443
20250102,10.3,10.05,10.13,10.42,78907129
20250103,10.12,10.02,10.06,10.22,50693944
20250106,10.13,9.81,10.15,10.2,79801276
20250107,10.11,10.11,10.27,10.3,40265146
20250108,10.26,10.2,10.3,10.37,48237450
20250109,10.33,10.13,10.19,10.33,39221854
20250110,10.23,10.03,10.13,10.28,31933534
20250113,10.06,9.85,10.0,10.13,38217749
20250114,10.03,9.94,10.16,10.21,38658714
20250115,10.16,10.13,10.21,10.39,38460814
20250116,10.29,10.13,10.21,10.31,33768888
20250117,10.25,10.08,10.27,10.3,41663218
20250120,10.32,10.23,10.37,10.45,37442622
20250121,10.36,10.27,10.37,10.48,30852134
20250122,10.33,10.01,10.03,10.38,58374206
20250123,10.11,10.06,10.31,10.37,65580692
20250124,10.26,10.17,10.39,10.49,72463834
20250127,10.42,10.4,10.65,10.7,59488208
20250205,10.66,10.4,10.41,10.69,51723455
20250206,10.38,10.3,10.43,10.5,38598431
20250207,10.43,10.3,10.34,10.45,45600119
20250210,10.32,10.23,10.27,10.44,41234671
20250211,10.29,10.23,10.3,10.38,34651727
20250212,10.32,10.24,10.41,10.42,33100308
20250213,10.39,10.3,10.31,10.44,48454342
20250214,10.35,10.25,10.41,10.43,56300581
20250217,10.44,10.2,10.27,10.46,52311132
20250218,10.26,10.21,10.5,10.54,62783988
20250219,10.45,10.42,10.44,10.59,42364339
20250220,10.42,10.34,10.39,10.49,27223599
20250221,10.39,10.23,10.29,10.43,50391537
20250224,10.27,10.19,10.21,10.31,43741415
20250225,10.2,10.07,10.1,10.25,37159866
20250226,10.15,10.12,10.18,10.32,55536705
20250227,10.22,10.11,10.24,10.26,37999169
20250228,10.23,10.17,10.17,10.3,44651100
20250303,10.19,10.08,10.15,10.22,43010899
20250304,10.1,10.1,10.1,10.19,29769782
20250305,10.14,10.05,10.25,10.26,41686357
20250306,10.25,10.08,10.13,10.26,43499424
20250307,10.15,10.06,10.14,10.19,37005882
20250310,10.1,10.01,10.1,10.14,43594496
20250311,10.04,10.03,10.12,10.12,35208198
20250312,10.12,10.01,10.12,10.18,42868920
20250313,10.16,10.12,10.22,10.25,46714351
20250314,10.28,10.24,10.42,10.49,78422138
20250317,10.55,10.39,10.6,10.66,59251416
20250318,10.63,10.52,10.64,10.72,40970582
20250319,10.59,10.56,10.65,10.68,34604830
20250320,10.64,10.6,10.66,10.69,29548507
20250321,10.63,10.41,10.47,10.72,56344163
20250324,10.42,10.42,10.61,10.63,46449659
20250325,10.65,10.5,10.61,10.69,37875416
20250326,10.6,10.45,10.47,10.61,36660981
20250327,10.5,10.47,10.55,10.66,42508671
20250328,10.53,10.41,10.44,10.57,36572944
20250331,10.47,10.35,10.43,10.63,49360687
20250401,10.43,10.22,10.35,10.46,63920348
20250402,10.29,10.29,10.46,10.56,45625673
20250403,10.29,10.29,10.48,10.5,36919313
20250407,10.27,9.46,9.65,10.28,142399646
20250408,9.77,9.75,10.2,10.29,149422915
20250409,10.19,9.86,10.01,10.19,99714563
20250410,10.18,9.91,10.0,10.18,78108087
20250411,10.06,9.92,10.07,10.12,56246196
20250414,10.04,10.0,10.18,10.22,62154163
20250415,10.18,10.17,10.47,10.48,68556308
20250416,10.45,10.35,10.6,10.6,74094520
20250417,10.6,10.43,10.75,10.75,70420291
20250418,10.7,10.66,10.81,10.87,48024169
20250421,10.78,10.56,10.57,10.88,50053475
20250422,10.56,10.55,10.71,10.74,46047223
20250423,10.71,10.58,10.67,10.75,33992733
20250424,10.69,10.67,10.74,10.85,39754164
20250425,10.75,10.57,10.59,10.8,45447179
20250428,10.6,10.59,10.74,10.74,48382197
20250429,10.66,10.65,10.83,10.87,52112683
20250430,10.82,10.6,10.96,11.03,92838022
20250506,11.0,10.8,11.17,11.19,97264620
20250507,11.36,11.08,11.37,11.38,71916086
20250508,11.35,11.33,11.63,11.69,77598543
20250509,11.65,11.62,11.8,11.88,82148077
20250512,11.83,11.65,11.71,11.98,106436592
20250513,11.73,11.67,12.08,12.15,85038009
20250514,11.99,11.96,12.15,12.19,72183353
20250515,12.17,12.09,12.29,12.35,64989861
20250516,12.31,12.05,12.1,12.38,61049671
20250519,12.2,11.97,12.0,12.25,63137397
20250520,12.02,12.01,12.27,12.34,80013453
20250521,12.27,12.2,12.27,12.42,41672064
20250522,12.22,12.19,12.43,12.53,63895089
20250523,12.39,12.22,12.23,12.48,57961597
20250526,12.19,11.99,12.05,12.25,86375810
20250527,12.11,12.05,12.19,12.25,51170123
20250528,12.2,12.13,12.22,12.33,45763183
20250529,12.21,12.17,12.17,12.27,39604139
20250530,12.2,12.17,12.33,12.41,74173919
20250603,12.31,12.23,12.54,12.57,83435308
20250604,12.48,12.33,12.38,12.53,54685133
20250605,12.42,12.28,12.32,12.45,37014523
20250606,12.33,12.21,12.32,12.39,43240203
20250609,12.31,12.1,12.31,12.34,56578144
20250610,12.28,12.26,12.36,12.45,49879732
20250611,12.36,12.24,12.35,12.42,44114064
20250612,12.35,12.23,12.46,12.5,47676653
20250613,12.5,12.28,12.34,12.55,61844935
20250616,12.34,12.21,12.58,12.6,51085389
20250617,12.58,12.45,12.54,12.65,37369806
20250618,12.56,12.51,12.78,12.83,69853954
20250619,12.78,12.64,12.74,12.84,43768050
20250620,12.78,12.73,13.02,13.02,69793426
20250623,12.98,12.88,13.31,13.36,81059193
20250624,13.31,13.16,13.31,13.54,84287565
20250625,13.31,13.2,13.46,13.52,56329911
20250626,13.4,13.3,13.62,13.65,66332882
20250627,13.63,13.44,13.55,13.99,145112686
20250630,13.4,13.25,13.88,13.98,95051500
20250701,13.88,13.87,14.18,14.33,87707054
20250702,14.2,14.1,14.2,14.4,68484199
20250703,14.21,14.09,14.18,14.28,50965551
20250704,14.15,14.14,14.58,14.75,93567870
20250707,14.66,14.51,14.6,14.8,64970474
20250708,14.58,14.15,14.23,14.62,113914556
20250709,14.2,14.12,14.17,14.3,81762955
20250710,14.17,14.13,14.2,14.34,115968328
20250711,14.17,13.8,13.8,14.24,161683677
20250714,13.75,13.75,14.11,14.15,114977276
20250715,14.15,13.83,13.93,14.2,76673245
20250716,13.54,13.26,13.48,13.6,81426935
20250717,13.48,13.4,13.44,13.58,47080750
20250718,13.47,13.39,13.46,13.65,56174733
20250721,13.46,13.36,13.48,13.54,55881659
20250722,13.46,13.2,13.23,13.51,91190502
20250723,13.2,13.2,13.33,13.49,67673356
20250724,13.37,13.05,13.06,13.37,97343311
20250725,13.03,13.03,13.07,13.23,65621788
20250728,13.12,13.03,13.08,13.2,76297474
20250729,13.07,12.78,12.79,13.12,78919964
20250730,12.84,12.73,12.88,12.93,72158148
20250731,12.87,12.71,12.81,12.9,68538701
20250801,12.82,12.58,12.92,12.98,79386102
20250804,12.9,12.9,13.13,13.45,99782728
20250805,13.15,13.14,13.75,13.78,133646594
20250806,13.75,13.63,13.79,13.85,84891798
20250807,14.08,13.66,13.93,14.08,96558141
20250808,13.96,13.91,14.17,14.29,96742884
20250811,14.1,13.85,13.98,14.2,89510437
20250812,13.97,13.87,13.89,14.12,76628234
20250813,13.98,13.8,13.83,14.03,79039619
20250814,13.83,13.79,13.87,13.98,71279949
20250815,13.85,13.55,13.59,13.95,93067809
20250818,13.53,13.47,13.64,13.72,83579911
20250819,13.64,13.58,13.69,13.76,49497253
20250820,13.69,13.6,13.72,13.87,60322243
20250821,13.7,13.59,13.78,13.86,57468516
20250822,13.81,13.77,13.94,13.95,64098054
20250825,13.9,13.76,14.03,14.05,63137208
20250826,14.0,13.82,14.03,14.15,59365845
20250827,13.95,13.7,13.75,14.0,76975407
20250828,13.65,13.44,13.86,13.94,95618144
20250829,13.81,13.63,13.63,13.99,128276384
20250901,13.68,13.45,13.49,13.9,116131640
20250902,13.43,13.39,13.73,13.75,79527127
20250903,13.73,13.61,13.78,13.87,75418875
20250904,13.7,13.5,13.77,13.85,101214019
20250905,13.74,13.47,13.69,13.78,79038636
20250908,13.69,13.53,13.58,13.98,123553472
20250909,13.69,13.62,14.02,14.02,117067240
20250910,14.06,13.83,13.97,14.07,83617788
20250911,13.93,13.88,14.12,14.17,83259271
20250912,14.14,13.45,13.6,14.25,137797397
20250915,13.51,13.37,13.43,13.69,84060835
20250916,13.41,13.13,13.16,13.44,88505780
20250917,13.15,12.95,12.96,13.25,66621805
20250918,12.96,12.68,12.75,13.01,106507276
20250919,12.69,12.56,12.81,12.9,79638295
20250922,12.78,12.5,12.54,12.8,49180587
20250923,12.51,12.36,12.45,12.65,77159109
20250924,12.45,12.06,12.22,12.54,102755861
20250925,12.23,12.13,12.43,12.55,128885102
20250926,12.37,11.9,12.25,12.48,84171099
20250929,12.25,11.95,12.06,12.26,86111735
20250930,12.07,11.81,11.9,12.11,90383609
20251009,11.75,11.63,11.8,11.87,81279059
20251010,11.79,11.68,11.84,12.03,93757429
20251013,11.97,11.78,12.51,12.6,209588223
20251014,12.45,12.31,12.77,12.87,146399373
20251015,12.75,12.63,13.17,13.24,122625265
20251016,13.16,13.11,13.32,13.53,99838590
20251017,13.29,13.11,13.32,13.44,81693218
20251020,13.27,12.93,12.99,13.27,80678774
20251021,12.99,12.92,12.99,13.3,154403206
20251022,12.97,12.81,13.03,13.15,119621745
20251023,13.03,12.84,12.97,13.1,80652260
20251024,12.99,12.83,12.98,13.1,183342863
20251027,12.92,12.83,12.97,13.06,151665963
20251028,13.01,12.23,12.39,13.07,159866315
20251029,12.31,11.75,11.81,12.36,165619780
20251030,11.79,11.62,11.64,11.83,122375784
20251031,11.72,11.49,11.49,11.74,143534203
20251103,11.49,11.37,11.41,11.64,123384169
20251104,11.4,11.36,11.62,11.63,134964340
20251105,11.64,11.58,11.86,11.96,162186560
20251106,11.8,11.59,11.66,11.8,127867343
20251107,11.64,11.59,11.7,11.75,93125152
20251110,11.65,11.61,11.69,11.8,90615790
20251111,11.67,11.6,11.67,11.73,78910662
20251112,11.69,11.66,11.68,11.92,150937630
20251113,11.66,11.51,11.66,11.72,121769523
20251114,11.61,11.61,11.62,11.77,113543245
20251117,11.6,11.35,11.37,11.65,98485526
20251118,11.35,11.25,11.45,11.45,56503139
20251119,11.43,11.4,11.56,11.62,93264386
20251120,11.54,11.49,11.7,11.81,116125007
20251121,11.7,11.5,11.52,11.74,100248709
20251124,11.54,11.49,11.53,11.65,94815363
20251125,11.53,11.45,11.61,11.64,55709457
20251126,11.63,11.45,11.48,11.67,60876972
20251127,11.42,11.31,11.62,11.78,93698611
20251128,11.6,11.46,11.48,11.7,79682706
20251201,11.41,11.37,11.54,11.55,68000214
20251202,11.51,11.43,11.45,11.58,50331401
20251203,11.42,11.3,11.3,11.5,65916685
20251204,11.33,11.15,11.25,11.33,45066850
20251205,11.23,11.14,11.26,11.32,56770710
20251208,11.26,11.23,11.39,11.43,89418386
20251209,11.41,11.31,11.32,11.43,58585930
20251210,11.32,11.14,11.28,11.33,70831411
20251211,11.3,11.22,11.44,11.45,107586743
20251212,11.41,11.35,11.61,11.61,145372658
20251215,11.59,11.5,11.66,11.75,111508150
20251216,11.67,11.42,11.55,11.72,86733417
20251217,11.54,11.45,11.54,11.67,60894791
20251218,11.59,11.48,11.78,11.79,69201006
20251219,11.72,11.65,11.69,11.8,67815119
20251222,11.65,11.54,11.64,11.69,49907269
20251223,11.67,11.62,11.83,11.88,61488273
20251224,11.83,11.75,11.81,11.9,46510627
20251225,11.8,11.74,11.77,11.86,30326271
20251226,11.77,11.71,11.72,11.82,29816927
20251229,11.74,11.68,12.17,12.22,87875772
20251230,12.17,12.1,12.39,12.41,74051075
20251231,12.35,12.14,12.44,12.45,82445909
20260105,12.47,11.8,11.82,12.48,122284342
20260106,11.78,11.71,12.0,12.03,121375398
20260107,11.91,11.76,11.79,11.98,70474220
20260108,11.78,11.48,11.54,11.78,80017314
20260109,11.56,11.46,11.54,11.57,42361629
20260112,11.55,11.51,11.66,11.68,60110177
20260113,11.72,11.54,11.57,11.75,49620112
20260114,11.61,11.22,11.24,11.64,136564445
20260115,11.22,11.16,11.16,11.26,69278313
20260116,11.19,10.88,11.04,11.27,126811321
20260119,10.99,10.93,11.12,11.21,73155055
20260120,11.1,10.94,11.03,11.11,73525878
20260121,11.03,10.71,10.74,11.06,96262217
20260122,10.74,10.6,10.63,10.9,152975450
20260123,10.63,10.47,10.51,10.66,132324449
20260126,10.49,10.34,10.35,10.53,149077101
20260127,10.34,10.18,10.2,10.4,95430026
20260128,10.2,10.01,10.05,10.26,140090242
20260129,10.03,9.88,10.15,10.19,182164726
20260130,10.14,10.01,10.04,10.28,110436836
20260202,10.07,10.03,10.06,10.25,105771232
20260203,10.06,9.91,10.02,10.07,77669459
20260204,10.0,9.98,10.13,10.15,67248961
20260205,10.15,10.13,10.23,10.28,97223688
20260206,10.24,10.06,10.12,10.27,75925550
20260209,10.11,10.08,10.18,10.24,61171546
20260210,10.19,10.15,10.18,10.24,46429780
20260211,10.18,10.11,10.17,10.19,39338830
20260212,10.17,9.96,9.98,10.18,98376257
20260213,9.98,9.88,9.89,10.03,70040725
20260224,9.98,9.9,9.9,10.02,54739335
20260225,9.9,9.79,9.79,9.94,87423426
20260226,9.8,9.69,9.73,9.83,76025001
20260227,9.73,9.7,9.72,9.84,80281023
20260302,9.69,9.58,9.68,9.77,73404604
20260303,9.66,9.61,9.73,9.82,112936428
20260304,9.69,9.43,9.6,9.7,161755557
20260305,9.56,9.56,9.78,9.81,119745268
20260306,9.74,9.71,9.89,9.9,72726022
20260309,9.83,9.77,9.85,10.02,116840499
20260310,9.83,9.8,9.96,9.99,64916390
20260311,9.97,9.85,10.07,10.1,100884566
20260312,10.04,10.01,10.18,10.2,89418328
20260313,10.16,10.13,10.26,10.41,99676711
20260316,10.22,10.22,10.29,10.32,66490467
20260317,10.27,10.27,10.38,10.42,76260073
20260318,10.38,10.3,10.37,10.42,65221883
20260319,10.32,10.25,10.32,10.4,75867153
20260320,10.33,10.28,10.28,10.46,74883607
20260323,10.23,9.85,9.86,10.23,93394504
20260324,9.95,9.89,10.04,10.12,60985887
20260325,10.06,9.94,10.1,10.12,45678402
20260326,10.07,10.03,10.06,10.18,36081386
20260327,10.01,9.98,10.02,10.12,39243944
20260330,9.97,9.91,10.01,10.02,38507357
20260331,10.01,9.95,10.18,10.28,96580613
20260401,10.2,10.18,10.24,10.37,57416463
20260402,10.25,10.21,10.25,10.37,41638322
20260403,10.25,10.08,10.12,10.25,41151821
20260407,10.12,9.95,9.98,10.17,37882609
20260408,10.0,9.95,10.09,10.11,48272446
20260409,10.07,9.93,9.93,10.12,46094152
20260410,9.93,9.86,9.89,9.95,42658461
20260413,9.87,9.78,9.86,9.88,42812229
20260414,9.86,9.85,10.05,10.05,52251153
20260415,10.05,10.03,10.11,10.13,43000230
20260416,10.12,9.98,10.0,10.17,43702319
20260417,9.97,9.85,9.86,10.0,57933037
20260420,9.85,9.78,9.78,9.91,68116917
20260421,9.78,9.7,9.72,9.87,72849013
20260422,9.71,9.59,9.61,9.73,68590467
20260423,9.6,9.51,9.54,9.65,80624665
20260424,9.53,9.43,9.45,9.62,84859017
20260427,9.44,9.34,9.36,9.5,87281494
20260428,9.34,9.25,9.37,9.38,59454959
20260429,9.36,9.32,9.38,9.39,61495033
20260430,9.36,9.25,9.27,9.37,78438804
20260506,9.27,9.16,9.18,9.29,87935791
20260507,9.18,9.09,9.09,9.2,71972489
20260508,9.08,9.05,9.07,9.13,89269033
20260511,9.07,9.03,9.09,9.09,130287213
20260512,9.08,9.02,9.03,9.11,77713958
20260513,9.04,9.01,9.03,9.07,84264336
20260514,9.02,8.92,9.02,9.13,121425471
20260515,9.0,8.93,9.07,9.22,171982587
20260518,9.04,9.01,9.08,9.13,122357134
20260519,9.08,8.94,8.95,9.17,127456859
20260520,8.93,8.85,8.94,8.97,94375264
20260521,8.94,8.85,8.86,8.96,82548797
20260522,8.88,8.75,8.96,9.03,99003358
20260525,8.94,8.91,9.08,9.12,92598961
20260526,9.1,9.09,9.27,9.32,146437454
20260527,9.29,9.26,9.43,9.54,134548971
20260528,9.42,9.14,9.21,9.46,83665520
20260529,9.18,9.13,9.37,9.38,93330300
20260601,9.32,9.2,9.32,9.35,75072117
20260602,9.3,9.26,9.31,9.43,72778238
20260603,9.28,9.17,9.25,9.31,71007326
20260604,9.27,9.19,9.19,9.3,56092641
20260605,9.18,9.18,9.34,9.35,74572522
20260608,9.3,9.23,9.37,9.43,80886957
20260609,9.33,9.29,9.37,9.44,70801807
20260610,9.37,9.34,9.59,9.59,109903540
20260611,9.59,9.48,9.55,9.61,72499667
20260612,9.5,9.4,9.67,9.71,94049852
20260615,9.68,9.47,9.53,9.72,87932132
20260616,9.5,9.42,9.46,9.56,54422958
20260617,9.48,9.22,9.24,9.55,77190400
20260618,9.2,9.07,9.09,9.25,83656385
20260622,9.03,8.98,9.16,9.22,74510266
20260623,9.14,9.13,9.28,9.35,83391753
20260624,9.26,8.9,8.9,9.27,107526621
20260625,8.85,8.82,8.85,8.93,65829690
20260626,8.86,8.7,8.76,8.89,52607831
20260629,8.75,8.49,8.73,8.78,68098356
20260630,8.69,8.49,8.61,8.7,68434092
20260701,8.58,8.54,8.65,8.75,53417711
20260702,8.71,8.56,8.7,8.84,71137604
20260703,8.69,8.59,8.69,8.82,69513349
20260706,8.68,8.62,8.92,8.93,79376206
20260707,8.89,8.78,8.89,8.97,51779460
20260708,8.85,8.79,9.0,9.03,54468742
20260709,8.97,8.87,8.98,9.01,49029732
20260710,8.98,8.92,9.06,9.11,76502191
20260713,9.04,9.01,9.19,9.21,75761962
20260714,9.2,9.07,9.16,9.21,81396248
20260715,9.08,9.06,9.31,9.32,104758150
20260716,8.92,8.8,8.85,8.94,75582633
20260717,8.85,8.82,8.87,8.97,79624033
20260720,8.85,8.8,9.14,9.17,114192779
20260721,9.12,8.9,8.95,9.22,109608680
20260722,8.93,8.78,9.01,9.01,79311118
20260723,8.92,8.91,9.05,9.06,50118945
20260724,9.08,9.02,9.04,9.12,50675120
20260727,9.0,8.96,9.05,9.13,55723092
20260728,9.12,9.04,9.19,9.21,102060442
20260729,9.19,9.17,9.28,9.35,110962683
20260730,9.26,9.25,9.71,9.72,161746160
20260731,9.59,9.28,9.51,9.59,138263755
20260803,9.51,9.45,9.63,9.65,89862757
20260804,9.56,9.35,9.4,9.58,83461320
20260805,9.49,9.23,9.26,9.49,79549874
20260806,9.28,9.16,9.29,9.35,67232905
20260807,9.26,9.14,9.21,9.29,56545722
20260810,9.2,9.16,9.29,9.38,62542539
20260811,9.27,9.18,9.21,9.34,50942433
20260812,9.21,9.12,9.17,9.22,46782493
20260813,9.16,9.1,9.18,9.2,52886030
20260814,9.14,9.06,9.1,9.17,43623082
20260817,9.09,8.98,9.04,9.09,57152651
